page,title,link,snippet
1,人工智能（智能科学与技术专业术语）_百度百科,https://baike.baidu.com/item/%E4%BA%BA%E5%B7%A5%E6%99%BA%E8%83%BD/9180,2024年12月20日 · 人工智能是研究使用计算机来模拟人的某些思维过程和智能行为（如学习、推理、思考、规划等）的学科，主要包括计算机实现智能的原理、制造类似于人脑智能的计算机，使计算机能实现更高层次的应用。 人工智能将涉及到计算机科学、心理学、哲学和语言学等学科。 可以说几乎是自然科学和 社会科学 的所有学科，其范围已远远超出了计算机科学的范畴，人工 …
1,两会定调“人工智能+”扩规模，中国企业如何跑出AI落地加速度 ...,https://www.thepaper.cn/newsDetail_forward_30426366,16 小时之前 · 人工智能+ 出海，携手全球开发者共探大模型新机遇 大模型落地的“诸神之战”，已从国内移步国外。中国AI企业正不断打破技术应用的地域边界，更加深度地赋能全球行业，构建产业生态。他们根据业务核心满足社会刚需，以价值创造推动社会 ...
1,具身智能、6G入报告！“人工智能+”如何向未来 - 中国政府网,https://www.gov.cn/yaowen/liebiao/202503/content_7011747.htm,2025年3月8日 · 面对新一轮科技革命和产业变革，中国持续推动“人工智能+”行动，打造新质生产力强劲引擎。 报告提出“培育壮大新兴产业、未来产业”“梯度培育创新型企业”。 代表委员说，独角兽企业、瞪羚企业代表着新兴产业、未来产业发展的方向，在人工智能等前沿领域不断涌现，拓展出经济新赛道。 数据显示，2024年我国完成备案并上线提供服务的生成式人工智能大模型接 …
1,每日一词 | “人工智能+”行动 AI Plus initiative - 中国日报网,https://cn.chinadaily.com.cn/a/202503/12/WS67d152f8a310510f19eeb282.html,6 天之前 · 人工智能 是新一轮科技革命和产业变革的重要驱动力量，将对全球经济社会发展和人类文明进步产生深远影响。中国高度重视人工智能发展，积极推动互联网、大数据、人工智能和实体经济深度融合，培育壮大智能产业，加快发展新质生产力，为 ...
1,人工智能为发展新质生产力蓄势赋能 - 光明网,https://tech.gmw.cn/2025-03/13/content_37902027.htm,6 天之前 · 人工智能通过促进技术、数据和平台发挥各自优势，推动生产要素优化配置，使彼此间协调更紧密，产生更大价值。同时，人工智能的快速发展和广泛应用，能够推动数实深度融合，释放需求潜力，提升产出效率，推动全要素生产率持续提高。
1,+什么？怎么+？一文读懂政府工作报告中“人工智能+”的含义,https://news.qq.com/rain/a/20240311A046LM00,2024年3月11日 · 而“人工智能+”则是一个更加宽泛的概念，它指的是人工智能作为一种基础性、驱动性的技术力量，与制造、医疗、教育、交通、农业等多个领域 ...
1,人工智能+ - 百度百科,https://baike.baidu.com/item/%E4%BA%BA%E5%B7%A5%E6%99%BA%E8%83%BD%2B/65314477,2025年3月5日 · 人工智能+（Artificial Intelligence +，AI+）指将人工智能技术与各行各业深度融合，推动产业转型升级和创新发展的一种理念与实践。 它不仅是将人工智能应用于某一特定领域，而是通过技术的集成与创新，实现对传统行业的全面赋能与重构。
1,AI应用加速落地，“人工智能+”背后的中国科技力量_中央网络 ...,https://www.cac.gov.cn/2025-03/07/c_1743048981069006.htm,2025年3月7日 · 2025年全国两会进行时，“人工智能+”高频登场。如今，“遇事不决，先问AI”已经成为当下许多年轻人的日常操作，无论是生活琐事还是工作难题，AI都能化身全能助手，提供一份专属的参考答案。
1,【光明时评】“人工智能+”解锁未来无限可能--理论-中国共产党 ...,http://theory.people.com.cn/n1/2025/0317/c40531-40440112.html,2 天之前 · 光明时评】 今年全国两会期间，人工智能驱动未来发展是备受关注的热点话题。今年《政府工作报告》也明确提出，持续推进“人工智能+”行动，将数字技术与制造优势、市场优势更好结合起来，支持大模型广泛应用，大力发展智能网联新能源汽车、人工智能手机和电脑、智能机器人等新一代智能 ...
1,AI观察 | 政府工作报告首提“人工智能+”有何深意？,http://finance.people.com.cn/n1/2024/0309/c1004-40192366.html,2024年3月9日 · 如今，随着大模型等人工智能技术成为引领新一代产业变革的核心力量，政府工作报告中首次提出的“人工智能+”行动，不仅顺应了全球AI发展的潮流，更与中国产业升级的大势紧密相连。 这一行动无疑将为人工智能技术在各行业的广泛应用开启新篇章。 正如全国政协委员、360集团创始人周鸿祎所说：过去是“互联网+”思维，未来是“人工智能+”思维。 他表示，“人工 …
2,人工智能（智能科学与技术专业术语）_百度百科,https://baike.baidu.com/item/%E4%BA%BA%E5%B7%A5%E6%99%BA%E8%83%BD/9180,2024年12月20日 · 人工智能是研究使用计算机来模拟人的某些思维过程和智能行为（如学习、推理、思考、规划等）的学科，主要包括计算机实现智能的原理、制造类似于人脑智能的计算机， …
2,两会定调“人工智能+”扩规模，中国企业如何跑出AI落地加速度 ...,https://www.thepaper.cn/newsDetail_forward_30426366,16 小时之前 · 人工智能+ 出海，携手全球开发者共探大模型新机遇 大模型落地的“诸神之战”，已从国内移步国外。中国AI企业正不断打破技术应用的地域边界，更加深度地赋能全球行业，构建 …
2,具身智能、6G入报告！“人工智能+”如何向未来 - 中国政府网,https://www.gov.cn/yaowen/liebiao/202503/content_7011747.htm,2025年3月8日 · 面对新一轮科技革命和产业变革，中国持续推动“人工智能+”行动，打造新质生产力强劲引擎。 报告提出“培育壮大新兴产业、未来产业”“梯度培育创新型企业”。 代表委员说， …
2,每日一词 | “人工智能+”行动 AI Plus initiative - 中国日报网,https://cn.chinadaily.com.cn/a/202503/12/WS67d152f8a310510f19eeb282.html,6 天之前 · 人工智能 是新一轮科技革命和产业变革的重要驱动力量，将对全球经济社会发展和人类文明进步产生深远影响。中国高度重视人工智能发展，积极推动互联网、大数据、人工智能和 …
2,人工智能为发展新质生产力蓄势赋能 - 光明网,https://tech.gmw.cn/2025-03/13/content_37902027.htm,6 天之前 · 人工智能通过促进技术、数据和平台发挥各自优势，推动生产要素优化配置，使彼此间协调更紧密，产生更大价值。同时，人工智能的快速发展和广泛应用，能够推动数实深度融 …
2,+什么？怎么+？一文读懂政府工作报告中“人工智能+”的含义,https://news.qq.com/rain/a/20240311A046LM00,2024年3月11日 · 而“人工智能+”则是一个更加宽泛的概念，它指的是人工智能作为一种基础性、驱动性的技术力量，与制造、医疗、教育、交通、农业等多个领域 ...
2,人工智能+ - 百度百科,https://baike.baidu.com/item/%E4%BA%BA%E5%B7%A5%E6%99%BA%E8%83%BD%2B/65314477,2025年3月5日 · 人工智能+（Artificial Intelligence +，AI+）指将人工智能技术与各行各业深度融合，推动产业转型升级和创新发展的一种理念与实践。 它不仅是将人工智能应用于某一特定领 …
2,AI应用加速落地，“人工智能+”背后的中国科技力量_中央网络 ...,https://www.cac.gov.cn/2025-03/07/c_1743048981069006.htm,2025年3月7日 · 2025年全国两会进行时，“人工智能+”高频登场。如今，“遇事不决，先问AI”已经成为当下许多年轻人的日常操作，无论是生活琐事还是工作难题，AI都能化身全能助手，提供一 …
2,【光明时评】“人工智能+”解锁未来无限可能--理论-中国共产党 ...,http://theory.people.com.cn/n1/2025/0317/c40531-40440112.html,2 天之前 · 光明时评】 今年全国两会期间，人工智能驱动未来发展是备受关注的热点话题。今年《政府工作报告》也明确提出，持续推进“人工智能+”行动，将数字技术与制造优势、市场优势更 …
2,AI观察 | 政府工作报告首提“人工智能+”有何深意？,http://finance.people.com.cn/n1/2024/0309/c1004-40192366.html,2024年3月9日 · 如今，随着大模型等人工智能技术成为引领新一代产业变革的核心力量，政府工作报告中首次提出的“人工智能+”行动，不仅顺应了全球AI发展的潮流，更与中国产业升级的大势 …
4,人工智能（智能科学与技术专业术语）_百度百科,https://baike.baidu.com/item/%E4%BA%BA%E5%B7%A5%E6%99%BA%E8%83%BD/9180,2024年12月20日 · 人工智能是研究使用计算机来模拟人的某些思维过程和智能行为（如学习、推理、思考、规划等）的学科，主要包括计算机实现智能的原理、制造类似于人脑智能的计算机， …
4,两会定调“人工智能+”扩规模，中国企业如何跑出AI落地加速度 ...,https://www.thepaper.cn/newsDetail_forward_30426366,16 小时之前 · 人工智能+ 出海，携手全球开发者共探大模型新机遇 大模型落地的“诸神之战”，已从国内移步国外。中国AI企业正不断打破技术应用的地域边界，更加深度地赋能全球行业，构建 …
4,具身智能、6G入报告！“人工智能+”如何向未来 - 中国政府网,https://www.gov.cn/yaowen/liebiao/202503/content_7011747.htm,2025年3月8日 · 面对新一轮科技革命和产业变革，中国持续推动“人工智能+”行动，打造新质生产力强劲引擎。 报告提出“培育壮大新兴产业、未来产业”“梯度培育创新型企业”。 代表委员说， …
4,每日一词 | “人工智能+”行动 AI Plus initiative - 中国日报网,https://cn.chinadaily.com.cn/a/202503/12/WS67d152f8a310510f19eeb282.html,6 天之前 · 人工智能 是新一轮科技革命和产业变革的重要驱动力量，将对全球经济社会发展和人类文明进步产生深远影响。中国高度重视人工智能发展，积极推动互联网、大数据、人工智能和 …
4,人工智能为发展新质生产力蓄势赋能 - 光明网,https://tech.gmw.cn/2025-03/13/content_37902027.htm,6 天之前 · 人工智能通过促进技术、数据和平台发挥各自优势，推动生产要素优化配置，使彼此间协调更紧密，产生更大价值。同时，人工智能的快速发展和广泛应用，能够推动数实深度融 …
4,+什么？怎么+？一文读懂政府工作报告中“人工智能+”的含义,https://news.qq.com/rain/a/20240311A046LM00,2024年3月11日 · 而“人工智能+”则是一个更加宽泛的概念，它指的是人工智能作为一种基础性、驱动性的技术力量，与制造、医疗、教育、交通、农业等多个领域 ...
4,人工智能+ - 百度百科,https://baike.baidu.com/item/%E4%BA%BA%E5%B7%A5%E6%99%BA%E8%83%BD%2B/65314477,2025年3月5日 · 人工智能+（Artificial Intelligence +，AI+）指将人工智能技术与各行各业深度融合，推动产业转型升级和创新发展的一种理念与实践。 它不仅是将人工智能应用于某一特定领 …
4,AI应用加速落地，“人工智能+”背后的中国科技力量_中央网络 ...,https://www.cac.gov.cn/2025-03/07/c_1743048981069006.htm,2025年3月7日 · 2025年全国两会进行时，“人工智能+”高频登场。如今，“遇事不决，先问AI”已经成为当下许多年轻人的日常操作，无论是生活琐事还是工作难题，AI都能化身全能助手，提供一 …
4,【光明时评】“人工智能+”解锁未来无限可能--理论-中国共产党 ...,http://theory.people.com.cn/n1/2025/0317/c40531-40440112.html,2 天之前 · 光明时评】 今年全国两会期间，人工智能驱动未来发展是备受关注的热点话题。今年《政府工作报告》也明确提出，持续推进“人工智能+”行动，将数字技术与制造优势、市场优势更 …
4,AI观察 | 政府工作报告首提“人工智能+”有何深意？,http://finance.people.com.cn/n1/2024/0309/c1004-40192366.html,2024年3月9日 · 如今，随着大模型等人工智能技术成为引领新一代产业变革的核心力量，政府工作报告中首次提出的“人工智能+”行动，不仅顺应了全球AI发展的潮流，更与中国产业升级的大势 …
3,人工智能（智能科学与技术专业术语）_百度百科,https://baike.baidu.com/item/%E4%BA%BA%E5%B7%A5%E6%99%BA%E8%83%BD/9180,2024年12月20日 · 人工智能是研究使用计算机来模拟人的某些思维过程和智能行为（如学习、推理、思考、规划等）的学科，主要包括计算机实现智能的原理、制造类似于人脑智能的计算机，使计算机能实现更高层次的应用。 人工智能将涉及到计算机科学、心理学、哲学和语言学等学科。 可以说几乎是自然科学和 社会科学 的所有学科，其范围已远远超出了计算机科学的范畴，人工 …
3,两会定调“人工智能+”扩规模，中国企业如何跑出AI落地加速度 ...,https://www.thepaper.cn/newsDetail_forward_30426366,16 小时之前 · 人工智能+ 出海，携手全球开发者共探大模型新机遇 大模型落地的“诸神之战”，已从国内移步国外。中国AI企业正不断打破技术应用的地域边界，更加深度地赋能全球行业，构建产业生态。他们根据业务核心满足社会刚需，以价值创造推动社会 ...
3,具身智能、6G入报告！“人工智能+”如何向未来 - 中国政府网,https://www.gov.cn/yaowen/liebiao/202503/content_7011747.htm,2025年3月8日 · 面对新一轮科技革命和产业变革，中国持续推动“人工智能+”行动，打造新质生产力强劲引擎。 报告提出“培育壮大新兴产业、未来产业”“梯度培育创新型企业”。 代表委员说，独角兽企业、瞪羚企业代表着新兴产业、未来产业发展的方向，在人工智能等前沿领域不断涌现，拓展出经济新赛道。 数据显示，2024年我国完成备案并上线提供服务的生成式人工智能大模型接 …
3,每日一词 | “人工智能+”行动 AI Plus initiative - 中国日报网,https://cn.chinadaily.com.cn/a/202503/12/WS67d152f8a310510f19eeb282.html,6 天之前 · 人工智能 是新一轮科技革命和产业变革的重要驱动力量，将对全球经济社会发展和人类文明进步产生深远影响。中国高度重视人工智能发展，积极推动互联网、大数据、人工智能和实体经济深度融合，培育壮大智能产业，加快发展新质生产力，为 ...
3,人工智能为发展新质生产力蓄势赋能 - 光明网,https://tech.gmw.cn/2025-03/13/content_37902027.htm,6 天之前 · 人工智能通过促进技术、数据和平台发挥各自优势，推动生产要素优化配置，使彼此间协调更紧密，产生更大价值。同时，人工智能的快速发展和广泛应用，能够推动数实深度融合，释放需求潜力，提升产出效率，推动全要素生产率持续提高。
3,+什么？怎么+？一文读懂政府工作报告中“人工智能+”的含义,https://news.qq.com/rain/a/20240311A046LM00,2024年3月11日 · 而“人工智能+”则是一个更加宽泛的概念，它指的是人工智能作为一种基础性、驱动性的技术力量，与制造、医疗、教育、交通、农业等多个领域 ...
3,人工智能+ - 百度百科,https://baike.baidu.com/item/%E4%BA%BA%E5%B7%A5%E6%99%BA%E8%83%BD%2B/65314477,2025年3月5日 · 人工智能+（Artificial Intelligence +，AI+）指将人工智能技术与各行各业深度融合，推动产业转型升级和创新发展的一种理念与实践。 它不仅是将人工智能应用于某一特定领域，而是通过技术的集成与创新，实现对传统行业的全面赋能与重构。
3,AI应用加速落地，“人工智能+”背后的中国科技力量_中央网络 ...,https://www.cac.gov.cn/2025-03/07/c_1743048981069006.htm,2025年3月7日 · 2025年全国两会进行时，“人工智能+”高频登场。如今，“遇事不决，先问AI”已经成为当下许多年轻人的日常操作，无论是生活琐事还是工作难题，AI都能化身全能助手，提供一份专属的参考答案。
3,【光明时评】“人工智能+”解锁未来无限可能--理论-中国共产党 ...,http://theory.people.com.cn/n1/2025/0317/c40531-40440112.html,2 天之前 · 光明时评】 今年全国两会期间，人工智能驱动未来发展是备受关注的热点话题。今年《政府工作报告》也明确提出，持续推进“人工智能+”行动，将数字技术与制造优势、市场优势更好结合起来，支持大模型广泛应用，大力发展智能网联新能源汽车、人工智能手机和电脑、智能机器人等新一代智能 ...
3,AI观察 | 政府工作报告首提“人工智能+”有何深意？,http://finance.people.com.cn/n1/2024/0309/c1004-40192366.html,2024年3月9日 · 如今，随着大模型等人工智能技术成为引领新一代产业变革的核心力量，政府工作报告中首次提出的“人工智能+”行动，不仅顺应了全球AI发展的潮流，更与中国产业升级的大势紧密相连。 这一行动无疑将为人工智能技术在各行业的广泛应用开启新篇章。 正如全国政协委员、360集团创始人周鸿祎所说：过去是“互联网+”思维，未来是“人工智能+”思维。 他表示，“人工 …
5,人工智能（智能科学与技术专业术语）_百度百科,https://baike.baidu.com/item/%E4%BA%BA%E5%B7%A5%E6%99%BA%E8%83%BD/9180,2024年12月20日 · 人工智能是研究使用计算机来模拟人的某些思维过程和智能行为（如学习、推理、思考、规划等）的学科，主要包括计算机实现智能的原理、制造类似于人脑智能的计算机， …
5,两会定调“人工智能+”扩规模，中国企业如何跑出AI落地加速度 ...,https://www.thepaper.cn/newsDetail_forward_30426366,16 小时之前 · 人工智能+ 出海，携手全球开发者共探大模型新机遇 大模型落地的“诸神之战”，已从国内移步国外。中国AI企业正不断打破技术应用的地域边界，更加深度地赋能全球行业，构建 …
5,具身智能、6G入报告！“人工智能+”如何向未来 - 中国政府网,https://www.gov.cn/yaowen/liebiao/202503/content_7011747.htm,2025年3月8日 · 面对新一轮科技革命和产业变革，中国持续推动“人工智能+”行动，打造新质生产力强劲引擎。 报告提出“培育壮大新兴产业、未来产业”“梯度培育创新型企业”。 代表委员说， …
5,每日一词 | “人工智能+”行动 AI Plus initiative - 中国日报网,https://cn.chinadaily.com.cn/a/202503/12/WS67d152f8a310510f19eeb282.html,6 天之前 · 人工智能 是新一轮科技革命和产业变革的重要驱动力量，将对全球经济社会发展和人类文明进步产生深远影响。中国高度重视人工智能发展，积极推动互联网、大数据、人工智能和 …
5,人工智能为发展新质生产力蓄势赋能 - 光明网,https://tech.gmw.cn/2025-03/13/content_37902027.htm,6 天之前 · 人工智能通过促进技术、数据和平台发挥各自优势，推动生产要素优化配置，使彼此间协调更紧密，产生更大价值。同时，人工智能的快速发展和广泛应用，能够推动数实深度融 …
5,+什么？怎么+？一文读懂政府工作报告中“人工智能+”的含义,https://news.qq.com/rain/a/20240311A046LM00,2024年3月11日 · 而“人工智能+”则是一个更加宽泛的概念，它指的是人工智能作为一种基础性、驱动性的技术力量，与制造、医疗、教育、交通、农业等多个领域 ...
5,人工智能+ - 百度百科,https://baike.baidu.com/item/%E4%BA%BA%E5%B7%A5%E6%99%BA%E8%83%BD%2B/65314477,2025年3月5日 · 人工智能+（Artificial Intelligence +，AI+）指将人工智能技术与各行各业深度融合，推动产业转型升级和创新发展的一种理念与实践。 它不仅是将人工智能应用于某一特定领 …
5,AI应用加速落地，“人工智能+”背后的中国科技力量_中央网络 ...,https://www.cac.gov.cn/2025-03/07/c_1743048981069006.htm,2025年3月7日 · 2025年全国两会进行时，“人工智能+”高频登场。如今，“遇事不决，先问AI”已经成为当下许多年轻人的日常操作，无论是生活琐事还是工作难题，AI都能化身全能助手，提供一 …
5,【光明时评】“人工智能+”解锁未来无限可能--理论-中国共产党 ...,http://theory.people.com.cn/n1/2025/0317/c40531-40440112.html,2 天之前 · 光明时评】 今年全国两会期间，人工智能驱动未来发展是备受关注的热点话题。今年《政府工作报告》也明确提出，持续推进“人工智能+”行动，将数字技术与制造优势、市场优势更 …
5,AI观察 | 政府工作报告首提“人工智能+”有何深意？,http://finance.people.com.cn/n1/2024/0309/c1004-40192366.html,2024年3月9日 · 如今，随着大模型等人工智能技术成为引领新一代产业变革的核心力量，政府工作报告中首次提出的“人工智能+”行动，不仅顺应了全球AI发展的潮流，更与中国产业升级的大势 …
7,人工智能（智能科学与技术专业术语）_百度百科,https://baike.baidu.com/item/%E4%BA%BA%E5%B7%A5%E6%99%BA%E8%83%BD/9180,2024年12月20日 · 人工智能是研究使用计算机来模拟人的某些思维过程和智能行为（如学习、推理、思考、规划等）的学科，主要包括计算机实现智能的原理、制造类似于人脑智能的计算机， …
7,两会定调“人工智能+”扩规模，中国企业如何跑出AI落地加速度 ...,https://www.thepaper.cn/newsDetail_forward_30426366,16 小时之前 · 人工智能+ 出海，携手全球开发者共探大模型新机遇 大模型落地的“诸神之战”，已从国内移步国外。中国AI企业正不断打破技术应用的地域边界，更加深度地赋能全球行业，构建 …
7,具身智能、6G入报告！“人工智能+”如何向未来 - 中国政府网,https://www.gov.cn/yaowen/liebiao/202503/content_7011747.htm,2025年3月8日 · 面对新一轮科技革命和产业变革，中国持续推动“人工智能+”行动，打造新质生产力强劲引擎。 报告提出“培育壮大新兴产业、未来产业”“梯度培育创新型企业”。 代表委员说， …
7,每日一词 | “人工智能+”行动 AI Plus initiative - 中国日报网,https://cn.chinadaily.com.cn/a/202503/12/WS67d152f8a310510f19eeb282.html,6 天之前 · 人工智能 是新一轮科技革命和产业变革的重要驱动力量，将对全球经济社会发展和人类文明进步产生深远影响。中国高度重视人工智能发展，积极推动互联网、大数据、人工智能和 …
7,人工智能为发展新质生产力蓄势赋能 - 光明网,https://tech.gmw.cn/2025-03/13/content_37902027.htm,6 天之前 · 人工智能通过促进技术、数据和平台发挥各自优势，推动生产要素优化配置，使彼此间协调更紧密，产生更大价值。同时，人工智能的快速发展和广泛应用，能够推动数实深度融 …
7,+什么？怎么+？一文读懂政府工作报告中“人工智能+”的含义,https://news.qq.com/rain/a/20240311A046LM00,2024年3月11日 · 而“人工智能+”则是一个更加宽泛的概念，它指的是人工智能作为一种基础性、驱动性的技术力量，与制造、医疗、教育、交通、农业等多个领域 ...
7,人工智能+ - 百度百科,https://baike.baidu.com/item/%E4%BA%BA%E5%B7%A5%E6%99%BA%E8%83%BD%2B/65314477,2025年3月5日 · 人工智能+（Artificial Intelligence +，AI+）指将人工智能技术与各行各业深度融合，推动产业转型升级和创新发展的一种理念与实践。 它不仅是将人工智能应用于某一特定领 …
7,AI应用加速落地，“人工智能+”背后的中国科技力量_中央网络 ...,https://www.cac.gov.cn/2025-03/07/c_1743048981069006.htm,2025年3月7日 · 2025年全国两会进行时，“人工智能+”高频登场。如今，“遇事不决，先问AI”已经成为当下许多年轻人的日常操作，无论是生活琐事还是工作难题，AI都能化身全能助手，提供一 …
7,【光明时评】“人工智能+”解锁未来无限可能--理论-中国共产党 ...,http://theory.people.com.cn/n1/2025/0317/c40531-40440112.html,2 天之前 · 光明时评】 今年全国两会期间，人工智能驱动未来发展是备受关注的热点话题。今年《政府工作报告》也明确提出，持续推进“人工智能+”行动，将数字技术与制造优势、市场优势更 …
7,AI观察 | 政府工作报告首提“人工智能+”有何深意？,http://finance.people.com.cn/n1/2024/0309/c1004-40192366.html,2024年3月9日 · 如今，随着大模型等人工智能技术成为引领新一代产业变革的核心力量，政府工作报告中首次提出的“人工智能+”行动，不仅顺应了全球AI发展的潮流，更与中国产业升级的大势 …
6,人工智能（智能科学与技术专业术语）_百度百科,https://baike.baidu.com/item/%E4%BA%BA%E5%B7%A5%E6%99%BA%E8%83%BD/9180,2024年12月20日 · 人工智能是研究使用计算机来模拟人的某些思维过程和智能行为（如学习、推理、思考、规划等）的学科，主要包括计算机实现智能的原理、制造类似于人脑智能的计算机， …
6,两会定调“人工智能+”扩规模，中国企业如何跑出AI落地加速度 ...,https://www.thepaper.cn/newsDetail_forward_30426366,16 小时之前 · 人工智能+ 出海，携手全球开发者共探大模型新机遇 大模型落地的“诸神之战”，已从国内移步国外。中国AI企业正不断打破技术应用的地域边界，更加深度地赋能全球行业，构建 …
6,具身智能、6G入报告！“人工智能+”如何向未来 - 中国政府网,https://www.gov.cn/yaowen/liebiao/202503/content_7011747.htm,2025年3月8日 · 面对新一轮科技革命和产业变革，中国持续推动“人工智能+”行动，打造新质生产力强劲引擎。 报告提出“培育壮大新兴产业、未来产业”“梯度培育创新型企业”。 代表委员说， …
6,每日一词 | “人工智能+”行动 AI Plus initiative - 中国日报网,https://cn.chinadaily.com.cn/a/202503/12/WS67d152f8a310510f19eeb282.html,6 天之前 · 人工智能 是新一轮科技革命和产业变革的重要驱动力量，将对全球经济社会发展和人类文明进步产生深远影响。中国高度重视人工智能发展，积极推动互联网、大数据、人工智能和 …
6,人工智能为发展新质生产力蓄势赋能 - 光明网,https://tech.gmw.cn/2025-03/13/content_37902027.htm,6 天之前 · 人工智能通过促进技术、数据和平台发挥各自优势，推动生产要素优化配置，使彼此间协调更紧密，产生更大价值。同时，人工智能的快速发展和广泛应用，能够推动数实深度融 …
6,+什么？怎么+？一文读懂政府工作报告中“人工智能+”的含义,https://news.qq.com/rain/a/20240311A046LM00,2024年3月11日 · 而“人工智能+”则是一个更加宽泛的概念，它指的是人工智能作为一种基础性、驱动性的技术力量，与制造、医疗、教育、交通、农业等多个领域 ...
6,人工智能+ - 百度百科,https://baike.baidu.com/item/%E4%BA%BA%E5%B7%A5%E6%99%BA%E8%83%BD%2B/65314477,2025年3月5日 · 人工智能+（Artificial Intelligence +，AI+）指将人工智能技术与各行各业深度融合，推动产业转型升级和创新发展的一种理念与实践。 它不仅是将人工智能应用于某一特定领 …
6,AI应用加速落地，“人工智能+”背后的中国科技力量_中央网络 ...,https://www.cac.gov.cn/2025-03/07/c_1743048981069006.htm,2025年3月7日 · 2025年全国两会进行时，“人工智能+”高频登场。如今，“遇事不决，先问AI”已经成为当下许多年轻人的日常操作，无论是生活琐事还是工作难题，AI都能化身全能助手，提供一 …
6,【光明时评】“人工智能+”解锁未来无限可能--理论-中国共产党 ...,http://theory.people.com.cn/n1/2025/0317/c40531-40440112.html,2 天之前 · 光明时评】 今年全国两会期间，人工智能驱动未来发展是备受关注的热点话题。今年《政府工作报告》也明确提出，持续推进“人工智能+”行动，将数字技术与制造优势、市场优势更 …
6,AI观察 | 政府工作报告首提“人工智能+”有何深意？,http://finance.people.com.cn/n1/2024/0309/c1004-40192366.html,2024年3月9日 · 如今，随着大模型等人工智能技术成为引领新一代产业变革的核心力量，政府工作报告中首次提出的“人工智能+”行动，不仅顺应了全球AI发展的潮流，更与中国产业升级的大势 …
10,人工智能（智能科学与技术专业术语）_百度百科,https://baike.baidu.com/item/%E4%BA%BA%E5%B7%A5%E6%99%BA%E8%83%BD/9180,2024年12月20日 · 人工智能是研究使用计算机来模拟人的某些思维过程和智能行为（如学习、推理、思考、规划等）的学科，主要包括计算机实现智能的原理、制造类似于人脑智能的计算机， …
10,两会定调“人工智能+”扩规模，中国企业如何跑出AI落地加速度 ...,https://www.thepaper.cn/newsDetail_forward_30426366,16 小时之前 · 人工智能+ 出海，携手全球开发者共探大模型新机遇 大模型落地的“诸神之战”，已从国内移步国外。中国AI企业正不断打破技术应用的地域边界，更加深度地赋能全球行业，构建 …
10,具身智能、6G入报告！“人工智能+”如何向未来 - 中国政府网,https://www.gov.cn/yaowen/liebiao/202503/content_7011747.htm,2025年3月8日 · 面对新一轮科技革命和产业变革，中国持续推动“人工智能+”行动，打造新质生产力强劲引擎。 报告提出“培育壮大新兴产业、未来产业”“梯度培育创新型企业”。 代表委员说， …
10,每日一词 | “人工智能+”行动 AI Plus initiative - 中国日报网,https://cn.chinadaily.com.cn/a/202503/12/WS67d152f8a310510f19eeb282.html,6 天之前 · 人工智能 是新一轮科技革命和产业变革的重要驱动力量，将对全球经济社会发展和人类文明进步产生深远影响。中国高度重视人工智能发展，积极推动互联网、大数据、人工智能和 …
10,人工智能为发展新质生产力蓄势赋能 - 光明网,https://tech.gmw.cn/2025-03/13/content_37902027.htm,6 天之前 · 人工智能通过促进技术、数据和平台发挥各自优势，推动生产要素优化配置，使彼此间协调更紧密，产生更大价值。同时，人工智能的快速发展和广泛应用，能够推动数实深度融 …
10,+什么？怎么+？一文读懂政府工作报告中“人工智能+”的含义,https://news.qq.com/rain/a/20240311A046LM00,2024年3月11日 · 而“人工智能+”则是一个更加宽泛的概念，它指的是人工智能作为一种基础性、驱动性的技术力量，与制造、医疗、教育、交通、农业等多个领域 ...
10,人工智能+ - 百度百科,https://baike.baidu.com/item/%E4%BA%BA%E5%B7%A5%E6%99%BA%E8%83%BD%2B/65314477,2025年3月5日 · 人工智能+（Artificial Intelligence +，AI+）指将人工智能技术与各行各业深度融合，推动产业转型升级和创新发展的一种理念与实践。 它不仅是将人工智能应用于某一特定领 …
10,AI应用加速落地，“人工智能+”背后的中国科技力量_中央网络 ...,https://www.cac.gov.cn/2025-03/07/c_1743048981069006.htm,2025年3月7日 · 2025年全国两会进行时，“人工智能+”高频登场。如今，“遇事不决，先问AI”已经成为当下许多年轻人的日常操作，无论是生活琐事还是工作难题，AI都能化身全能助手，提供一 …
10,【光明时评】“人工智能+”解锁未来无限可能--理论-中国共产党 ...,http://theory.people.com.cn/n1/2025/0317/c40531-40440112.html,2 天之前 · 光明时评】 今年全国两会期间，人工智能驱动未来发展是备受关注的热点话题。今年《政府工作报告》也明确提出，持续推进“人工智能+”行动，将数字技术与制造优势、市场优势更 …
10,AI观察 | 政府工作报告首提“人工智能+”有何深意？,http://finance.people.com.cn/n1/2024/0309/c1004-40192366.html,2024年3月9日 · 如今，随着大模型等人工智能技术成为引领新一代产业变革的核心力量，政府工作报告中首次提出的“人工智能+”行动，不仅顺应了全球AI发展的潮流，更与中国产业升级的大势 …
9,人工智能（智能科学与技术专业术语）_百度百科,https://baike.baidu.com/item/%E4%BA%BA%E5%B7%A5%E6%99%BA%E8%83%BD/9180,2024年12月20日 · 人工智能是研究使用计算机来模拟人的某些思维过程和智能行为（如学习、推理、思考、规划等）的学科，主要包括计算机实现智能的原理、制造类似于人脑智能的计算机， …
9,两会定调“人工智能+”扩规模，中国企业如何跑出AI落地加速度 ...,https://www.thepaper.cn/newsDetail_forward_30426366,16 小时之前 · 人工智能+ 出海，携手全球开发者共探大模型新机遇 大模型落地的“诸神之战”，已从国内移步国外。中国AI企业正不断打破技术应用的地域边界，更加深度地赋能全球行业，构建 …
9,具身智能、6G入报告！“人工智能+”如何向未来 - 中国政府网,https://www.gov.cn/yaowen/liebiao/202503/content_7011747.htm,2025年3月8日 · 面对新一轮科技革命和产业变革，中国持续推动“人工智能+”行动，打造新质生产力强劲引擎。 报告提出“培育壮大新兴产业、未来产业”“梯度培育创新型企业”。 代表委员说， …
9,每日一词 | “人工智能+”行动 AI Plus initiative - 中国日报网,https://cn.chinadaily.com.cn/a/202503/12/WS67d152f8a310510f19eeb282.html,6 天之前 · 人工智能 是新一轮科技革命和产业变革的重要驱动力量，将对全球经济社会发展和人类文明进步产生深远影响。中国高度重视人工智能发展，积极推动互联网、大数据、人工智能和 …
9,人工智能为发展新质生产力蓄势赋能 - 光明网,https://tech.gmw.cn/2025-03/13/content_37902027.htm,6 天之前 · 人工智能通过促进技术、数据和平台发挥各自优势，推动生产要素优化配置，使彼此间协调更紧密，产生更大价值。同时，人工智能的快速发展和广泛应用，能够推动数实深度融 …
9,+什么？怎么+？一文读懂政府工作报告中“人工智能+”的含义,https://news.qq.com/rain/a/20240311A046LM00,2024年3月11日 · 而“人工智能+”则是一个更加宽泛的概念，它指的是人工智能作为一种基础性、驱动性的技术力量，与制造、医疗、教育、交通、农业等多个领域 ...
9,人工智能+ - 百度百科,https://baike.baidu.com/item/%E4%BA%BA%E5%B7%A5%E6%99%BA%E8%83%BD%2B/65314477,2025年3月5日 · 人工智能+（Artificial Intelligence +，AI+）指将人工智能技术与各行各业深度融合，推动产业转型升级和创新发展的一种理念与实践。 它不仅是将人工智能应用于某一特定领 …
9,AI应用加速落地，“人工智能+”背后的中国科技力量_中央网络 ...,https://www.cac.gov.cn/2025-03/07/c_1743048981069006.htm,2025年3月7日 · 2025年全国两会进行时，“人工智能+”高频登场。如今，“遇事不决，先问AI”已经成为当下许多年轻人的日常操作，无论是生活琐事还是工作难题，AI都能化身全能助手，提供一 …
9,【光明时评】“人工智能+”解锁未来无限可能--理论-中国共产党 ...,http://theory.people.com.cn/n1/2025/0317/c40531-40440112.html,2 天之前 · 光明时评】 今年全国两会期间，人工智能驱动未来发展是备受关注的热点话题。今年《政府工作报告》也明确提出，持续推进“人工智能+”行动，将数字技术与制造优势、市场优势更 …
9,AI观察 | 政府工作报告首提“人工智能+”有何深意？,http://finance.people.com.cn/n1/2024/0309/c1004-40192366.html,2024年3月9日 · 如今，随着大模型等人工智能技术成为引领新一代产业变革的核心力量，政府工作报告中首次提出的“人工智能+”行动，不仅顺应了全球AI发展的潮流，更与中国产业升级的大势 …
8,人工智能（智能科学与技术专业术语）_百度百科,https://baike.baidu.com/item/%E4%BA%BA%E5%B7%A5%E6%99%BA%E8%83%BD/9180,2024年12月20日 · 人工智能是研究使用计算机来模拟人的某些思维过程和智能行为（如学习、推理、思考、规划等）的学科，主要包括计算机实现智能的原理、制造类似于人脑智能的计算机， …
8,两会定调“人工智能+”扩规模，中国企业如何跑出AI落地加速度 ...,https://www.thepaper.cn/newsDetail_forward_30426366,16 小时之前 · 人工智能+ 出海，携手全球开发者共探大模型新机遇 大模型落地的“诸神之战”，已从国内移步国外。中国AI企业正不断打破技术应用的地域边界，更加深度地赋能全球行业，构建 …
8,具身智能、6G入报告！“人工智能+”如何向未来 - 中国政府网,https://www.gov.cn/yaowen/liebiao/202503/content_7011747.htm,2025年3月8日 · 面对新一轮科技革命和产业变革，中国持续推动“人工智能+”行动，打造新质生产力强劲引擎。 报告提出“培育壮大新兴产业、未来产业”“梯度培育创新型企业”。 代表委员说， …
8,每日一词 | “人工智能+”行动 AI Plus initiative - 中国日报网,https://cn.chinadaily.com.cn/a/202503/12/WS67d152f8a310510f19eeb282.html,6 天之前 · 人工智能 是新一轮科技革命和产业变革的重要驱动力量，将对全球经济社会发展和人类文明进步产生深远影响。中国高度重视人工智能发展，积极推动互联网、大数据、人工智能和 …
8,人工智能为发展新质生产力蓄势赋能 - 光明网,https://tech.gmw.cn/2025-03/13/content_37902027.htm,6 天之前 · 人工智能通过促进技术、数据和平台发挥各自优势，推动生产要素优化配置，使彼此间协调更紧密，产生更大价值。同时，人工智能的快速发展和广泛应用，能够推动数实深度融 …
8,+什么？怎么+？一文读懂政府工作报告中“人工智能+”的含义,https://news.qq.com/rain/a/20240311A046LM00,2024年3月11日 · 而“人工智能+”则是一个更加宽泛的概念，它指的是人工智能作为一种基础性、驱动性的技术力量，与制造、医疗、教育、交通、农业等多个领域 ...
8,人工智能+ - 百度百科,https://baike.baidu.com/item/%E4%BA%BA%E5%B7%A5%E6%99%BA%E8%83%BD%2B/65314477,2025年3月5日 · 人工智能+（Artificial Intelligence +，AI+）指将人工智能技术与各行各业深度融合，推动产业转型升级和创新发展的一种理念与实践。 它不仅是将人工智能应用于某一特定领 …
8,AI应用加速落地，“人工智能+”背后的中国科技力量_中央网络 ...,https://www.cac.gov.cn/2025-03/07/c_1743048981069006.htm,2025年3月7日 · 2025年全国两会进行时，“人工智能+”高频登场。如今，“遇事不决，先问AI”已经成为当下许多年轻人的日常操作，无论是生活琐事还是工作难题，AI都能化身全能助手，提供一 …
8,【光明时评】“人工智能+”解锁未来无限可能--理论-中国共产党 ...,http://theory.people.com.cn/n1/2025/0317/c40531-40440112.html,2 天之前 · 光明时评】 今年全国两会期间，人工智能驱动未来发展是备受关注的热点话题。今年《政府工作报告》也明确提出，持续推进“人工智能+”行动，将数字技术与制造优势、市场优势更 …
8,AI观察 | 政府工作报告首提“人工智能+”有何深意？,http://finance.people.com.cn/n1/2024/0309/c1004-40192366.html,2024年3月9日 · 如今，随着大模型等人工智能技术成为引领新一代产业变革的核心力量，政府工作报告中首次提出的“人工智能+”行动，不仅顺应了全球AI发展的潮流，更与中国产业升级的大势 …
11,人工智能（智能科学与技术专业术语）_百度百科,https://baike.baidu.com/item/%E4%BA%BA%E5%B7%A5%E6%99%BA%E8%83%BD/9180,2024年12月20日 · 人工智能是研究使用计算机来模拟人的某些思维过程和智能行为（如学习、推理、思考、规划等）的学科，主要包括计算机实现智能的原理、制造类似于人脑智能的计算机， …
11,两会定调“人工智能+”扩规模，中国企业如何跑出AI落地加速度 ...,https://www.thepaper.cn/newsDetail_forward_30426366,16 小时之前 · 人工智能+ 出海，携手全球开发者共探大模型新机遇 大模型落地的“诸神之战”，已从国内移步国外。中国AI企业正不断打破技术应用的地域边界，更加深度地赋能全球行业，构建 …
11,具身智能、6G入报告！“人工智能+”如何向未来 - 中国政府网,https://www.gov.cn/yaowen/liebiao/202503/content_7011747.htm,2025年3月8日 · 面对新一轮科技革命和产业变革，中国持续推动“人工智能+”行动，打造新质生产力强劲引擎。 报告提出“培育壮大新兴产业、未来产业”“梯度培育创新型企业”。 代表委员说， …
11,每日一词 | “人工智能+”行动 AI Plus initiative - 中国日报网,https://cn.chinadaily.com.cn/a/202503/12/WS67d152f8a310510f19eeb282.html,6 天之前 · 人工智能 是新一轮科技革命和产业变革的重要驱动力量，将对全球经济社会发展和人类文明进步产生深远影响。中国高度重视人工智能发展，积极推动互联网、大数据、人工智能和 …
11,人工智能为发展新质生产力蓄势赋能 - 光明网,https://tech.gmw.cn/2025-03/13/content_37902027.htm,6 天之前 · 人工智能通过促进技术、数据和平台发挥各自优势，推动生产要素优化配置，使彼此间协调更紧密，产生更大价值。同时，人工智能的快速发展和广泛应用，能够推动数实深度融 …
11,+什么？怎么+？一文读懂政府工作报告中“人工智能+”的含义,https://news.qq.com/rain/a/20240311A046LM00,2024年3月11日 · 而“人工智能+”则是一个更加宽泛的概念，它指的是人工智能作为一种基础性、驱动性的技术力量，与制造、医疗、教育、交通、农业等多个领域 ...
11,人工智能+ - 百度百科,https://baike.baidu.com/item/%E4%BA%BA%E5%B7%A5%E6%99%BA%E8%83%BD%2B/65314477,2025年3月5日 · 人工智能+（Artificial Intelligence +，AI+）指将人工智能技术与各行各业深度融合，推动产业转型升级和创新发展的一种理念与实践。 它不仅是将人工智能应用于某一特定领 …
11,AI应用加速落地，“人工智能+”背后的中国科技力量_中央网络 ...,https://www.cac.gov.cn/2025-03/07/c_1743048981069006.htm,2025年3月7日 · 2025年全国两会进行时，“人工智能+”高频登场。如今，“遇事不决，先问AI”已经成为当下许多年轻人的日常操作，无论是生活琐事还是工作难题，AI都能化身全能助手，提供一 …
11,【光明时评】“人工智能+”解锁未来无限可能--理论-中国共产党 ...,http://theory.people.com.cn/n1/2025/0317/c40531-40440112.html,2 天之前 · 光明时评】 今年全国两会期间，人工智能驱动未来发展是备受关注的热点话题。今年《政府工作报告》也明确提出，持续推进“人工智能+”行动，将数字技术与制造优势、市场优势更 …
11,AI观察 | 政府工作报告首提“人工智能+”有何深意？,http://finance.people.com.cn/n1/2024/0309/c1004-40192366.html,2024年3月9日 · 如今，随着大模型等人工智能技术成为引领新一代产业变革的核心力量，政府工作报告中首次提出的“人工智能+”行动，不仅顺应了全球AI发展的潮流，更与中国产业升级的大势 …
13,人工智能（智能科学与技术专业术语）_百度百科,https://baike.baidu.com/item/%E4%BA%BA%E5%B7%A5%E6%99%BA%E8%83%BD/9180,2024年12月20日 · 人工智能是研究使用计算机来模拟人的某些思维过程和智能行为（如学习、推理、思考、规划等）的学科，主要包括计算机实现智能的原理、制造类似于人脑智能的计算机， …
13,两会定调“人工智能+”扩规模，中国企业如何跑出AI落地加速度 ...,https://www.thepaper.cn/newsDetail_forward_30426366,16 小时之前 · 人工智能+ 出海，携手全球开发者共探大模型新机遇 大模型落地的“诸神之战”，已从国内移步国外。中国AI企业正不断打破技术应用的地域边界，更加深度地赋能全球行业，构建 …
13,具身智能、6G入报告！“人工智能+”如何向未来 - 中国政府网,https://www.gov.cn/yaowen/liebiao/202503/content_7011747.htm,2025年3月8日 · 面对新一轮科技革命和产业变革，中国持续推动“人工智能+”行动，打造新质生产力强劲引擎。 报告提出“培育壮大新兴产业、未来产业”“梯度培育创新型企业”。 代表委员说， …
13,每日一词 | “人工智能+”行动 AI Plus initiative - 中国日报网,https://cn.chinadaily.com.cn/a/202503/12/WS67d152f8a310510f19eeb282.html,6 天之前 · 人工智能 是新一轮科技革命和产业变革的重要驱动力量，将对全球经济社会发展和人类文明进步产生深远影响。中国高度重视人工智能发展，积极推动互联网、大数据、人工智能和 …
13,人工智能为发展新质生产力蓄势赋能 - 光明网,https://tech.gmw.cn/2025-03/13/content_37902027.htm,6 天之前 · 人工智能通过促进技术、数据和平台发挥各自优势，推动生产要素优化配置，使彼此间协调更紧密，产生更大价值。同时，人工智能的快速发展和广泛应用，能够推动数实深度融 …
13,+什么？怎么+？一文读懂政府工作报告中“人工智能+”的含义,https://news.qq.com/rain/a/20240311A046LM00,2024年3月11日 · 而“人工智能+”则是一个更加宽泛的概念，它指的是人工智能作为一种基础性、驱动性的技术力量，与制造、医疗、教育、交通、农业等多个领域 ...
13,人工智能+ - 百度百科,https://baike.baidu.com/item/%E4%BA%BA%E5%B7%A5%E6%99%BA%E8%83%BD%2B/65314477,2025年3月5日 · 人工智能+（Artificial Intelligence +，AI+）指将人工智能技术与各行各业深度融合，推动产业转型升级和创新发展的一种理念与实践。 它不仅是将人工智能应用于某一特定领 …
13,AI应用加速落地，“人工智能+”背后的中国科技力量_中央网络 ...,https://www.cac.gov.cn/2025-03/07/c_1743048981069006.htm,2025年3月7日 · 2025年全国两会进行时，“人工智能+”高频登场。如今，“遇事不决，先问AI”已经成为当下许多年轻人的日常操作，无论是生活琐事还是工作难题，AI都能化身全能助手，提供一 …
13,【光明时评】“人工智能+”解锁未来无限可能--理论-中国共产党 ...,http://theory.people.com.cn/n1/2025/0317/c40531-40440112.html,2 天之前 · 光明时评】 今年全国两会期间，人工智能驱动未来发展是备受关注的热点话题。今年《政府工作报告》也明确提出，持续推进“人工智能+”行动，将数字技术与制造优势、市场优势更 …
13,AI观察 | 政府工作报告首提“人工智能+”有何深意？,http://finance.people.com.cn/n1/2024/0309/c1004-40192366.html,2024年3月9日 · 如今，随着大模型等人工智能技术成为引领新一代产业变革的核心力量，政府工作报告中首次提出的“人工智能+”行动，不仅顺应了全球AI发展的潮流，更与中国产业升级的大势 …
14,人工智能（智能科学与技术专业术语）_百度百科,https://baike.baidu.com/item/%E4%BA%BA%E5%B7%A5%E6%99%BA%E8%83%BD/9180,2024年12月20日 · 人工智能是研究使用计算机来模拟人的某些思维过程和智能行为（如学习、推理、思考、规划等）的学科，主要包括计算机实现智能的原理、制造类似于人脑智能的计算机， …
14,两会定调“人工智能+”扩规模，中国企业如何跑出AI落地加速度 ...,https://www.thepaper.cn/newsDetail_forward_30426366,16 小时之前 · 人工智能+ 出海，携手全球开发者共探大模型新机遇 大模型落地的“诸神之战”，已从国内移步国外。中国AI企业正不断打破技术应用的地域边界，更加深度地赋能全球行业，构建 …
14,具身智能、6G入报告！“人工智能+”如何向未来 - 中国政府网,https://www.gov.cn/yaowen/liebiao/202503/content_7011747.htm,2025年3月8日 · 面对新一轮科技革命和产业变革，中国持续推动“人工智能+”行动，打造新质生产力强劲引擎。 报告提出“培育壮大新兴产业、未来产业”“梯度培育创新型企业”。 代表委员说， …
14,每日一词 | “人工智能+”行动 AI Plus initiative - 中国日报网,https://cn.chinadaily.com.cn/a/202503/12/WS67d152f8a310510f19eeb282.html,6 天之前 · 人工智能 是新一轮科技革命和产业变革的重要驱动力量，将对全球经济社会发展和人类文明进步产生深远影响。中国高度重视人工智能发展，积极推动互联网、大数据、人工智能和 …
14,人工智能为发展新质生产力蓄势赋能 - 光明网,https://tech.gmw.cn/2025-03/13/content_37902027.htm,6 天之前 · 人工智能通过促进技术、数据和平台发挥各自优势，推动生产要素优化配置，使彼此间协调更紧密，产生更大价值。同时，人工智能的快速发展和广泛应用，能够推动数实深度融 …
14,+什么？怎么+？一文读懂政府工作报告中“人工智能+”的含义,https://news.qq.com/rain/a/20240311A046LM00,2024年3月11日 · 而“人工智能+”则是一个更加宽泛的概念，它指的是人工智能作为一种基础性、驱动性的技术力量，与制造、医疗、教育、交通、农业等多个领域 ...
14,人工智能+ - 百度百科,https://baike.baidu.com/item/%E4%BA%BA%E5%B7%A5%E6%99%BA%E8%83%BD%2B/65314477,2025年3月5日 · 人工智能+（Artificial Intelligence +，AI+）指将人工智能技术与各行各业深度融合，推动产业转型升级和创新发展的一种理念与实践。 它不仅是将人工智能应用于某一特定领 …
14,AI应用加速落地，“人工智能+”背后的中国科技力量_中央网络 ...,https://www.cac.gov.cn/2025-03/07/c_1743048981069006.htm,2025年3月7日 · 2025年全国两会进行时，“人工智能+”高频登场。如今，“遇事不决，先问AI”已经成为当下许多年轻人的日常操作，无论是生活琐事还是工作难题，AI都能化身全能助手，提供一 …
14,【光明时评】“人工智能+”解锁未来无限可能--理论-中国共产党 ...,http://theory.people.com.cn/n1/2025/0317/c40531-40440112.html,2 天之前 · 光明时评】 今年全国两会期间，人工智能驱动未来发展是备受关注的热点话题。今年《政府工作报告》也明确提出，持续推进“人工智能+”行动，将数字技术与制造优势、市场优势更 …
14,AI观察 | 政府工作报告首提“人工智能+”有何深意？,http://finance.people.com.cn/n1/2024/0309/c1004-40192366.html,2024年3月9日 · 如今，随着大模型等人工智能技术成为引领新一代产业变革的核心力量，政府工作报告中首次提出的“人工智能+”行动，不仅顺应了全球AI发展的潮流，更与中国产业升级的大势 …
12,人工智能（智能科学与技术专业术语）_百度百科,https://baike.baidu.com/item/%E4%BA%BA%E5%B7%A5%E6%99%BA%E8%83%BD/9180,2024年12月20日 · 人工智能是研究使用计算机来模拟人的某些思维过程和智能行为（如学习、推理、思考、规划等）的学科，主要包括计算机实现智能的原理、制造类似于人脑智能的计算机， …
12,两会定调“人工智能+”扩规模，中国企业如何跑出AI落地加速度 ...,https://www.thepaper.cn/newsDetail_forward_30426366,16 小时之前 · 人工智能+ 出海，携手全球开发者共探大模型新机遇 大模型落地的“诸神之战”，已从国内移步国外。中国AI企业正不断打破技术应用的地域边界，更加深度地赋能全球行业，构建 …
12,具身智能、6G入报告！“人工智能+”如何向未来 - 中国政府网,https://www.gov.cn/yaowen/liebiao/202503/content_7011747.htm,2025年3月8日 · 面对新一轮科技革命和产业变革，中国持续推动“人工智能+”行动，打造新质生产力强劲引擎。 报告提出“培育壮大新兴产业、未来产业”“梯度培育创新型企业”。 代表委员说， …
12,每日一词 | “人工智能+”行动 AI Plus initiative - 中国日报网,https://cn.chinadaily.com.cn/a/202503/12/WS67d152f8a310510f19eeb282.html,6 天之前 · 人工智能 是新一轮科技革命和产业变革的重要驱动力量，将对全球经济社会发展和人类文明进步产生深远影响。中国高度重视人工智能发展，积极推动互联网、大数据、人工智能和 …
12,人工智能为发展新质生产力蓄势赋能 - 光明网,https://tech.gmw.cn/2025-03/13/content_37902027.htm,6 天之前 · 人工智能通过促进技术、数据和平台发挥各自优势，推动生产要素优化配置，使彼此间协调更紧密，产生更大价值。同时，人工智能的快速发展和广泛应用，能够推动数实深度融 …
12,+什么？怎么+？一文读懂政府工作报告中“人工智能+”的含义,https://news.qq.com/rain/a/20240311A046LM00,2024年3月11日 · 而“人工智能+”则是一个更加宽泛的概念，它指的是人工智能作为一种基础性、驱动性的技术力量，与制造、医疗、教育、交通、农业等多个领域 ...
12,人工智能+ - 百度百科,https://baike.baidu.com/item/%E4%BA%BA%E5%B7%A5%E6%99%BA%E8%83%BD%2B/65314477,2025年3月5日 · 人工智能+（Artificial Intelligence +，AI+）指将人工智能技术与各行各业深度融合，推动产业转型升级和创新发展的一种理念与实践。 它不仅是将人工智能应用于某一特定领 …
12,AI应用加速落地，“人工智能+”背后的中国科技力量_中央网络 ...,https://www.cac.gov.cn/2025-03/07/c_1743048981069006.htm,2025年3月7日 · 2025年全国两会进行时，“人工智能+”高频登场。如今，“遇事不决，先问AI”已经成为当下许多年轻人的日常操作，无论是生活琐事还是工作难题，AI都能化身全能助手，提供一 …
12,【光明时评】“人工智能+”解锁未来无限可能--理论-中国共产党 ...,http://theory.people.com.cn/n1/2025/0317/c40531-40440112.html,2 天之前 · 光明时评】 今年全国两会期间，人工智能驱动未来发展是备受关注的热点话题。今年《政府工作报告》也明确提出，持续推进“人工智能+”行动，将数字技术与制造优势、市场优势更 …
12,AI观察 | 政府工作报告首提“人工智能+”有何深意？,http://finance.people.com.cn/n1/2024/0309/c1004-40192366.html,2024年3月9日 · 如今，随着大模型等人工智能技术成为引领新一代产业变革的核心力量，政府工作报告中首次提出的“人工智能+”行动，不仅顺应了全球AI发展的潮流，更与中国产业升级的大势 …
15,人工智能（智能科学与技术专业术语）_百度百科,https://baike.baidu.com/item/%E4%BA%BA%E5%B7%A5%E6%99%BA%E8%83%BD/9180,2024年12月20日 · 人工智能是研究使用计算机来模拟人的某些思维过程和智能行为（如学习、推理、思考、规划等）的学科，主要包括计算机实现智能的原理、制造类似于人脑智能的计算机， …
15,两会定调“人工智能+”扩规模，中国企业如何跑出AI落地加速度 ...,https://www.thepaper.cn/newsDetail_forward_30426366,16 小时之前 · 人工智能+ 出海，携手全球开发者共探大模型新机遇 大模型落地的“诸神之战”，已从国内移步国外。中国AI企业正不断打破技术应用的地域边界，更加深度地赋能全球行业，构建 …
15,具身智能、6G入报告！“人工智能+”如何向未来 - 中国政府网,https://www.gov.cn/yaowen/liebiao/202503/content_7011747.htm,2025年3月8日 · 面对新一轮科技革命和产业变革，中国持续推动“人工智能+”行动，打造新质生产力强劲引擎。 报告提出“培育壮大新兴产业、未来产业”“梯度培育创新型企业”。 代表委员说， …
15,每日一词 | “人工智能+”行动 AI Plus initiative - 中国日报网,https://cn.chinadaily.com.cn/a/202503/12/WS67d152f8a310510f19eeb282.html,6 天之前 · 人工智能 是新一轮科技革命和产业变革的重要驱动力量，将对全球经济社会发展和人类文明进步产生深远影响。中国高度重视人工智能发展，积极推动互联网、大数据、人工智能和 …
15,人工智能为发展新质生产力蓄势赋能 - 光明网,https://tech.gmw.cn/2025-03/13/content_37902027.htm,6 天之前 · 人工智能通过促进技术、数据和平台发挥各自优势，推动生产要素优化配置，使彼此间协调更紧密，产生更大价值。同时，人工智能的快速发展和广泛应用，能够推动数实深度融 …
15,+什么？怎么+？一文读懂政府工作报告中“人工智能+”的含义,https://news.qq.com/rain/a/20240311A046LM00,2024年3月11日 · 而“人工智能+”则是一个更加宽泛的概念，它指的是人工智能作为一种基础性、驱动性的技术力量，与制造、医疗、教育、交通、农业等多个领域 ...
15,人工智能+ - 百度百科,https://baike.baidu.com/item/%E4%BA%BA%E5%B7%A5%E6%99%BA%E8%83%BD%2B/65314477,2025年3月5日 · 人工智能+（Artificial Intelligence +，AI+）指将人工智能技术与各行各业深度融合，推动产业转型升级和创新发展的一种理念与实践。 它不仅是将人工智能应用于某一特定领 …
15,AI应用加速落地，“人工智能+”背后的中国科技力量_中央网络 ...,https://www.cac.gov.cn/2025-03/07/c_1743048981069006.htm,2025年3月7日 · 2025年全国两会进行时，“人工智能+”高频登场。如今，“遇事不决，先问AI”已经成为当下许多年轻人的日常操作，无论是生活琐事还是工作难题，AI都能化身全能助手，提供一 …
15,【光明时评】“人工智能+”解锁未来无限可能--理论-中国共产党 ...,http://theory.people.com.cn/n1/2025/0317/c40531-40440112.html,2 天之前 · 光明时评】 今年全国两会期间，人工智能驱动未来发展是备受关注的热点话题。今年《政府工作报告》也明确提出，持续推进“人工智能+”行动，将数字技术与制造优势、市场优势更 …
15,AI观察 | 政府工作报告首提“人工智能+”有何深意？,http://finance.people.com.cn/n1/2024/0309/c1004-40192366.html,2024年3月9日 · 如今，随着大模型等人工智能技术成为引领新一代产业变革的核心力量，政府工作报告中首次提出的“人工智能+”行动，不仅顺应了全球AI发展的潮流，更与中国产业升级的大势 …
16,人工智能（智能科学与技术专业术语）_百度百科,https://baike.baidu.com/item/%E4%BA%BA%E5%B7%A5%E6%99%BA%E8%83%BD/9180,2024年12月20日 · 人工智能是研究使用计算机来模拟人的某些思维过程和智能行为（如学习、推理、思考、规划等）的学科，主要包括计算机实现智能的原理、制造类似于人脑智能的计算机， …
16,两会定调“人工智能+”扩规模，中国企业如何跑出AI落地加速度 ...,https://www.thepaper.cn/newsDetail_forward_30426366,16 小时之前 · 人工智能+ 出海，携手全球开发者共探大模型新机遇 大模型落地的“诸神之战”，已从国内移步国外。中国AI企业正不断打破技术应用的地域边界，更加深度地赋能全球行业，构建 …
16,具身智能、6G入报告！“人工智能+”如何向未来 - 中国政府网,https://www.gov.cn/yaowen/liebiao/202503/content_7011747.htm,2025年3月8日 · 面对新一轮科技革命和产业变革，中国持续推动“人工智能+”行动，打造新质生产力强劲引擎。 报告提出“培育壮大新兴产业、未来产业”“梯度培育创新型企业”。 代表委员说， …
16,每日一词 | “人工智能+”行动 AI Plus initiative - 中国日报网,https://cn.chinadaily.com.cn/a/202503/12/WS67d152f8a310510f19eeb282.html,6 天之前 · 人工智能 是新一轮科技革命和产业变革的重要驱动力量，将对全球经济社会发展和人类文明进步产生深远影响。中国高度重视人工智能发展，积极推动互联网、大数据、人工智能和 …
16,人工智能为发展新质生产力蓄势赋能 - 光明网,https://tech.gmw.cn/2025-03/13/content_37902027.htm,6 天之前 · 人工智能通过促进技术、数据和平台发挥各自优势，推动生产要素优化配置，使彼此间协调更紧密，产生更大价值。同时，人工智能的快速发展和广泛应用，能够推动数实深度融 …
16,+什么？怎么+？一文读懂政府工作报告中“人工智能+”的含义,https://news.qq.com/rain/a/20240311A046LM00,2024年3月11日 · 而“人工智能+”则是一个更加宽泛的概念，它指的是人工智能作为一种基础性、驱动性的技术力量，与制造、医疗、教育、交通、农业等多个领域 ...
16,人工智能+ - 百度百科,https://baike.baidu.com/item/%E4%BA%BA%E5%B7%A5%E6%99%BA%E8%83%BD%2B/65314477,2025年3月5日 · 人工智能+（Artificial Intelligence +，AI+）指将人工智能技术与各行各业深度融合，推动产业转型升级和创新发展的一种理念与实践。 它不仅是将人工智能应用于某一特定领 …
16,AI应用加速落地，“人工智能+”背后的中国科技力量_中央网络 ...,https://www.cac.gov.cn/2025-03/07/c_1743048981069006.htm,2025年3月7日 · 2025年全国两会进行时，“人工智能+”高频登场。如今，“遇事不决，先问AI”已经成为当下许多年轻人的日常操作，无论是生活琐事还是工作难题，AI都能化身全能助手，提供一 …
16,【光明时评】“人工智能+”解锁未来无限可能--理论-中国共产党 ...,http://theory.people.com.cn/n1/2025/0317/c40531-40440112.html,2 天之前 · 光明时评】 今年全国两会期间，人工智能驱动未来发展是备受关注的热点话题。今年《政府工作报告》也明确提出，持续推进“人工智能+”行动，将数字技术与制造优势、市场优势更 …
16,AI观察 | 政府工作报告首提“人工智能+”有何深意？,http://finance.people.com.cn/n1/2024/0309/c1004-40192366.html,2024年3月9日 · 如今，随着大模型等人工智能技术成为引领新一代产业变革的核心力量，政府工作报告中首次提出的“人工智能+”行动，不仅顺应了全球AI发展的潮流，更与中国产业升级的大势 …
17,人工智能（智能科学与技术专业术语）_百度百科,https://baike.baidu.com/item/%E4%BA%BA%E5%B7%A5%E6%99%BA%E8%83%BD/9180,2024年12月20日 · 人工智能是研究使用计算机来模拟人的某些思维过程和智能行为（如学习、推理、思考、规划等）的学科，主要包括计算机实现智能的原理、制造类似于人脑智能的计算机， …
17,两会定调“人工智能+”扩规模，中国企业如何跑出AI落地加速度 ...,https://www.thepaper.cn/newsDetail_forward_30426366,16 小时之前 · 人工智能+ 出海，携手全球开发者共探大模型新机遇 大模型落地的“诸神之战”，已从国内移步国外。中国AI企业正不断打破技术应用的地域边界，更加深度地赋能全球行业，构建 …
17,具身智能、6G入报告！“人工智能+”如何向未来 - 中国政府网,https://www.gov.cn/yaowen/liebiao/202503/content_7011747.htm,2025年3月8日 · 面对新一轮科技革命和产业变革，中国持续推动“人工智能+”行动，打造新质生产力强劲引擎。 报告提出“培育壮大新兴产业、未来产业”“梯度培育创新型企业”。 代表委员说， …
17,每日一词 | “人工智能+”行动 AI Plus initiative - 中国日报网,https://cn.chinadaily.com.cn/a/202503/12/WS67d152f8a310510f19eeb282.html,6 天之前 · 人工智能 是新一轮科技革命和产业变革的重要驱动力量，将对全球经济社会发展和人类文明进步产生深远影响。中国高度重视人工智能发展，积极推动互联网、大数据、人工智能和 …
17,人工智能为发展新质生产力蓄势赋能 - 光明网,https://tech.gmw.cn/2025-03/13/content_37902027.htm,6 天之前 · 人工智能通过促进技术、数据和平台发挥各自优势，推动生产要素优化配置，使彼此间协调更紧密，产生更大价值。同时，人工智能的快速发展和广泛应用，能够推动数实深度融 …
17,+什么？怎么+？一文读懂政府工作报告中“人工智能+”的含义,https://news.qq.com/rain/a/20240311A046LM00,2024年3月11日 · 而“人工智能+”则是一个更加宽泛的概念，它指的是人工智能作为一种基础性、驱动性的技术力量，与制造、医疗、教育、交通、农业等多个领域 ...
17,人工智能+ - 百度百科,https://baike.baidu.com/item/%E4%BA%BA%E5%B7%A5%E6%99%BA%E8%83%BD%2B/65314477,2025年3月5日 · 人工智能+（Artificial Intelligence +，AI+）指将人工智能技术与各行各业深度融合，推动产业转型升级和创新发展的一种理念与实践。 它不仅是将人工智能应用于某一特定领 …
17,AI应用加速落地，“人工智能+”背后的中国科技力量_中央网络 ...,https://www.cac.gov.cn/2025-03/07/c_1743048981069006.htm,2025年3月7日 · 2025年全国两会进行时，“人工智能+”高频登场。如今，“遇事不决，先问AI”已经成为当下许多年轻人的日常操作，无论是生活琐事还是工作难题，AI都能化身全能助手，提供一 …
17,【光明时评】“人工智能+”解锁未来无限可能--理论-中国共产党 ...,http://theory.people.com.cn/n1/2025/0317/c40531-40440112.html,2 天之前 · 光明时评】 今年全国两会期间，人工智能驱动未来发展是备受关注的热点话题。今年《政府工作报告》也明确提出，持续推进“人工智能+”行动，将数字技术与制造优势、市场优势更 …
17,AI观察 | 政府工作报告首提“人工智能+”有何深意？,http://finance.people.com.cn/n1/2024/0309/c1004-40192366.html,2024年3月9日 · 如今，随着大模型等人工智能技术成为引领新一代产业变革的核心力量，政府工作报告中首次提出的“人工智能+”行动，不仅顺应了全球AI发展的潮流，更与中国产业升级的大势 …
18,人工智能（智能科学与技术专业术语）_百度百科,https://baike.baidu.com/item/%E4%BA%BA%E5%B7%A5%E6%99%BA%E8%83%BD/9180,2024年12月20日 · 人工智能是研究使用计算机来模拟人的某些思维过程和智能行为（如学习、推理、思考、规划等）的学科，主要包括计算机实现智能的原理、制造类似于人脑智能的计算机， …
18,两会定调“人工智能+”扩规模，中国企业如何跑出AI落地加速度 ...,https://www.thepaper.cn/newsDetail_forward_30426366,16 小时之前 · 人工智能+ 出海，携手全球开发者共探大模型新机遇 大模型落地的“诸神之战”，已从国内移步国外。中国AI企业正不断打破技术应用的地域边界，更加深度地赋能全球行业，构建 …
18,具身智能、6G入报告！“人工智能+”如何向未来 - 中国政府网,https://www.gov.cn/yaowen/liebiao/202503/content_7011747.htm,2025年3月8日 · 面对新一轮科技革命和产业变革，中国持续推动“人工智能+”行动，打造新质生产力强劲引擎。 报告提出“培育壮大新兴产业、未来产业”“梯度培育创新型企业”。 代表委员说， …
18,每日一词 | “人工智能+”行动 AI Plus initiative - 中国日报网,https://cn.chinadaily.com.cn/a/202503/12/WS67d152f8a310510f19eeb282.html,6 天之前 · 人工智能 是新一轮科技革命和产业变革的重要驱动力量，将对全球经济社会发展和人类文明进步产生深远影响。中国高度重视人工智能发展，积极推动互联网、大数据、人工智能和 …
18,人工智能为发展新质生产力蓄势赋能 - 光明网,https://tech.gmw.cn/2025-03/13/content_37902027.htm,6 天之前 · 人工智能通过促进技术、数据和平台发挥各自优势，推动生产要素优化配置，使彼此间协调更紧密，产生更大价值。同时，人工智能的快速发展和广泛应用，能够推动数实深度融 …
18,+什么？怎么+？一文读懂政府工作报告中“人工智能+”的含义,https://news.qq.com/rain/a/20240311A046LM00,2024年3月11日 · 而“人工智能+”则是一个更加宽泛的概念，它指的是人工智能作为一种基础性、驱动性的技术力量，与制造、医疗、教育、交通、农业等多个领域 ...
18,人工智能+ - 百度百科,https://baike.baidu.com/item/%E4%BA%BA%E5%B7%A5%E6%99%BA%E8%83%BD%2B/65314477,2025年3月5日 · 人工智能+（Artificial Intelligence +，AI+）指将人工智能技术与各行各业深度融合，推动产业转型升级和创新发展的一种理念与实践。 它不仅是将人工智能应用于某一特定领 …
18,AI应用加速落地，“人工智能+”背后的中国科技力量_中央网络 ...,https://www.cac.gov.cn/2025-03/07/c_1743048981069006.htm,2025年3月7日 · 2025年全国两会进行时，“人工智能+”高频登场。如今，“遇事不决，先问AI”已经成为当下许多年轻人的日常操作，无论是生活琐事还是工作难题，AI都能化身全能助手，提供一 …
18,【光明时评】“人工智能+”解锁未来无限可能--理论-中国共产党 ...,http://theory.people.com.cn/n1/2025/0317/c40531-40440112.html,2 天之前 · 光明时评】 今年全国两会期间，人工智能驱动未来发展是备受关注的热点话题。今年《政府工作报告》也明确提出，持续推进“人工智能+”行动，将数字技术与制造优势、市场优势更 …
18,AI观察 | 政府工作报告首提“人工智能+”有何深意？,http://finance.people.com.cn/n1/2024/0309/c1004-40192366.html,2024年3月9日 · 如今，随着大模型等人工智能技术成为引领新一代产业变革的核心力量，政府工作报告中首次提出的“人工智能+”行动，不仅顺应了全球AI发展的潮流，更与中国产业升级的大势 …
19,人工智能（智能科学与技术专业术语）_百度百科,https://baike.baidu.com/item/%E4%BA%BA%E5%B7%A5%E6%99%BA%E8%83%BD/9180,2024年12月20日 · 人工智能是研究使用计算机来模拟人的某些思维过程和智能行为（如学习、推理、思考、规划等）的学科，主要包括计算机实现智能的原理、制造类似于人脑智能的计算机， …
19,两会定调“人工智能+”扩规模，中国企业如何跑出AI落地加速度 ...,https://www.thepaper.cn/newsDetail_forward_30426366,16 小时之前 · 人工智能+ 出海，携手全球开发者共探大模型新机遇 大模型落地的“诸神之战”，已从国内移步国外。中国AI企业正不断打破技术应用的地域边界，更加深度地赋能全球行业，构建 …
19,具身智能、6G入报告！“人工智能+”如何向未来 - 中国政府网,https://www.gov.cn/yaowen/liebiao/202503/content_7011747.htm,2025年3月8日 · 面对新一轮科技革命和产业变革，中国持续推动“人工智能+”行动，打造新质生产力强劲引擎。 报告提出“培育壮大新兴产业、未来产业”“梯度培育创新型企业”。 代表委员说， …
19,每日一词 | “人工智能+”行动 AI Plus initiative - 中国日报网,https://cn.chinadaily.com.cn/a/202503/12/WS67d152f8a310510f19eeb282.html,6 天之前 · 人工智能 是新一轮科技革命和产业变革的重要驱动力量，将对全球经济社会发展和人类文明进步产生深远影响。中国高度重视人工智能发展，积极推动互联网、大数据、人工智能和 …
19,人工智能为发展新质生产力蓄势赋能 - 光明网,https://tech.gmw.cn/2025-03/13/content_37902027.htm,6 天之前 · 人工智能通过促进技术、数据和平台发挥各自优势，推动生产要素优化配置，使彼此间协调更紧密，产生更大价值。同时，人工智能的快速发展和广泛应用，能够推动数实深度融 …
19,+什么？怎么+？一文读懂政府工作报告中“人工智能+”的含义,https://news.qq.com/rain/a/20240311A046LM00,2024年3月11日 · 而“人工智能+”则是一个更加宽泛的概念，它指的是人工智能作为一种基础性、驱动性的技术力量，与制造、医疗、教育、交通、农业等多个领域 ...
19,人工智能+ - 百度百科,https://baike.baidu.com/item/%E4%BA%BA%E5%B7%A5%E6%99%BA%E8%83%BD%2B/65314477,2025年3月5日 · 人工智能+（Artificial Intelligence +，AI+）指将人工智能技术与各行各业深度融合，推动产业转型升级和创新发展的一种理念与实践。 它不仅是将人工智能应用于某一特定领 …
19,AI应用加速落地，“人工智能+”背后的中国科技力量_中央网络 ...,https://www.cac.gov.cn/2025-03/07/c_1743048981069006.htm,2025年3月7日 · 2025年全国两会进行时，“人工智能+”高频登场。如今，“遇事不决，先问AI”已经成为当下许多年轻人的日常操作，无论是生活琐事还是工作难题，AI都能化身全能助手，提供一 …
19,【光明时评】“人工智能+”解锁未来无限可能--理论-中国共产党 ...,http://theory.people.com.cn/n1/2025/0317/c40531-40440112.html,2 天之前 · 光明时评】 今年全国两会期间，人工智能驱动未来发展是备受关注的热点话题。今年《政府工作报告》也明确提出，持续推进“人工智能+”行动，将数字技术与制造优势、市场优势更 …
19,AI观察 | 政府工作报告首提“人工智能+”有何深意？,http://finance.people.com.cn/n1/2024/0309/c1004-40192366.html,2024年3月9日 · 如今，随着大模型等人工智能技术成为引领新一代产业变革的核心力量，政府工作报告中首次提出的“人工智能+”行动，不仅顺应了全球AI发展的潮流，更与中国产业升级的大势 …
21,人工智能（智能科学与技术专业术语）_百度百科,https://baike.baidu.com/item/%E4%BA%BA%E5%B7%A5%E6%99%BA%E8%83%BD/9180,2024年12月20日 · 人工智能是研究使用计算机来模拟人的某些思维过程和智能行为（如学习、推理、思考、规划等）的学科，主要包括计算机实现智能的原理、制造类似于人脑智能的计算机， …
21,两会定调“人工智能+”扩规模，中国企业如何跑出AI落地加速度 ...,https://www.thepaper.cn/newsDetail_forward_30426366,16 小时之前 · 人工智能+ 出海，携手全球开发者共探大模型新机遇 大模型落地的“诸神之战”，已从国内移步国外。中国AI企业正不断打破技术应用的地域边界，更加深度地赋能全球行业，构建 …
21,具身智能、6G入报告！“人工智能+”如何向未来 - 中国政府网,https://www.gov.cn/yaowen/liebiao/202503/content_7011747.htm,2025年3月8日 · 面对新一轮科技革命和产业变革，中国持续推动“人工智能+”行动，打造新质生产力强劲引擎。 报告提出“培育壮大新兴产业、未来产业”“梯度培育创新型企业”。 代表委员说， …
21,每日一词 | “人工智能+”行动 AI Plus initiative - 中国日报网,https://cn.chinadaily.com.cn/a/202503/12/WS67d152f8a310510f19eeb282.html,6 天之前 · 人工智能 是新一轮科技革命和产业变革的重要驱动力量，将对全球经济社会发展和人类文明进步产生深远影响。中国高度重视人工智能发展，积极推动互联网、大数据、人工智能和 …
21,人工智能为发展新质生产力蓄势赋能 - 光明网,https://tech.gmw.cn/2025-03/13/content_37902027.htm,6 天之前 · 人工智能通过促进技术、数据和平台发挥各自优势，推动生产要素优化配置，使彼此间协调更紧密，产生更大价值。同时，人工智能的快速发展和广泛应用，能够推动数实深度融 …
21,+什么？怎么+？一文读懂政府工作报告中“人工智能+”的含义,https://news.qq.com/rain/a/20240311A046LM00,2024年3月11日 · 而“人工智能+”则是一个更加宽泛的概念，它指的是人工智能作为一种基础性、驱动性的技术力量，与制造、医疗、教育、交通、农业等多个领域 ...
21,人工智能+ - 百度百科,https://baike.baidu.com/item/%E4%BA%BA%E5%B7%A5%E6%99%BA%E8%83%BD%2B/65314477,2025年3月5日 · 人工智能+（Artificial Intelligence +，AI+）指将人工智能技术与各行各业深度融合，推动产业转型升级和创新发展的一种理念与实践。 它不仅是将人工智能应用于某一特定领 …
21,AI应用加速落地，“人工智能+”背后的中国科技力量_中央网络 ...,https://www.cac.gov.cn/2025-03/07/c_1743048981069006.htm,2025年3月7日 · 2025年全国两会进行时，“人工智能+”高频登场。如今，“遇事不决，先问AI”已经成为当下许多年轻人的日常操作，无论是生活琐事还是工作难题，AI都能化身全能助手，提供一 …
21,【光明时评】“人工智能+”解锁未来无限可能--理论-中国共产党 ...,http://theory.people.com.cn/n1/2025/0317/c40531-40440112.html,2 天之前 · 光明时评】 今年全国两会期间，人工智能驱动未来发展是备受关注的热点话题。今年《政府工作报告》也明确提出，持续推进“人工智能+”行动，将数字技术与制造优势、市场优势更 …
21,AI观察 | 政府工作报告首提“人工智能+”有何深意？,http://finance.people.com.cn/n1/2024/0309/c1004-40192366.html,2024年3月9日 · 如今，随着大模型等人工智能技术成为引领新一代产业变革的核心力量，政府工作报告中首次提出的“人工智能+”行动，不仅顺应了全球AI发展的潮流，更与中国产业升级的大势 …
20,人工智能（智能科学与技术专业术语）_百度百科,https://baike.baidu.com/item/%E4%BA%BA%E5%B7%A5%E6%99%BA%E8%83%BD/9180,2024年12月20日 · 人工智能是研究使用计算机来模拟人的某些思维过程和智能行为（如学习、推理、思考、规划等）的学科，主要包括计算机实现智能的原理、制造类似于人脑智能的计算机， …
20,两会定调“人工智能+”扩规模，中国企业如何跑出AI落地加速度 ...,https://www.thepaper.cn/newsDetail_forward_30426366,16 小时之前 · 人工智能+ 出海，携手全球开发者共探大模型新机遇 大模型落地的“诸神之战”，已从国内移步国外。中国AI企业正不断打破技术应用的地域边界，更加深度地赋能全球行业，构建 …
20,具身智能、6G入报告！“人工智能+”如何向未来 - 中国政府网,https://www.gov.cn/yaowen/liebiao/202503/content_7011747.htm,2025年3月8日 · 面对新一轮科技革命和产业变革，中国持续推动“人工智能+”行动，打造新质生产力强劲引擎。 报告提出“培育壮大新兴产业、未来产业”“梯度培育创新型企业”。 代表委员说， …
20,每日一词 | “人工智能+”行动 AI Plus initiative - 中国日报网,https://cn.chinadaily.com.cn/a/202503/12/WS67d152f8a310510f19eeb282.html,6 天之前 · 人工智能 是新一轮科技革命和产业变革的重要驱动力量，将对全球经济社会发展和人类文明进步产生深远影响。中国高度重视人工智能发展，积极推动互联网、大数据、人工智能和 …
20,人工智能为发展新质生产力蓄势赋能 - 光明网,https://tech.gmw.cn/2025-03/13/content_37902027.htm,6 天之前 · 人工智能通过促进技术、数据和平台发挥各自优势，推动生产要素优化配置，使彼此间协调更紧密，产生更大价值。同时，人工智能的快速发展和广泛应用，能够推动数实深度融 …
20,+什么？怎么+？一文读懂政府工作报告中“人工智能+”的含义,https://news.qq.com/rain/a/20240311A046LM00,2024年3月11日 · 而“人工智能+”则是一个更加宽泛的概念，它指的是人工智能作为一种基础性、驱动性的技术力量，与制造、医疗、教育、交通、农业等多个领域 ...
20,人工智能+ - 百度百科,https://baike.baidu.com/item/%E4%BA%BA%E5%B7%A5%E6%99%BA%E8%83%BD%2B/65314477,2025年3月5日 · 人工智能+（Artificial Intelligence +，AI+）指将人工智能技术与各行各业深度融合，推动产业转型升级和创新发展的一种理念与实践。 它不仅是将人工智能应用于某一特定领 …
20,AI应用加速落地，“人工智能+”背后的中国科技力量_中央网络 ...,https://www.cac.gov.cn/2025-03/07/c_1743048981069006.htm,2025年3月7日 · 2025年全国两会进行时，“人工智能+”高频登场。如今，“遇事不决，先问AI”已经成为当下许多年轻人的日常操作，无论是生活琐事还是工作难题，AI都能化身全能助手，提供一 …
20,【光明时评】“人工智能+”解锁未来无限可能--理论-中国共产党 ...,http://theory.people.com.cn/n1/2025/0317/c40531-40440112.html,2 天之前 · 光明时评】 今年全国两会期间，人工智能驱动未来发展是备受关注的热点话题。今年《政府工作报告》也明确提出，持续推进“人工智能+”行动，将数字技术与制造优势、市场优势更 …
20,AI观察 | 政府工作报告首提“人工智能+”有何深意？,http://finance.people.com.cn/n1/2024/0309/c1004-40192366.html,2024年3月9日 · 如今，随着大模型等人工智能技术成为引领新一代产业变革的核心力量，政府工作报告中首次提出的“人工智能+”行动，不仅顺应了全球AI发展的潮流，更与中国产业升级的大势 …
23,人工智能（智能科学与技术专业术语）_百度百科,https://baike.baidu.com/item/%E4%BA%BA%E5%B7%A5%E6%99%BA%E8%83%BD/9180,2024年12月20日 · 人工智能是研究使用计算机来模拟人的某些思维过程和智能行为（如学习、推理、思考、规划等）的学科，主要包括计算机实现智能的原理、制造类似于人脑智能的计算机， …
23,两会定调“人工智能+”扩规模，中国企业如何跑出AI落地加速度 ...,https://www.thepaper.cn/newsDetail_forward_30426366,16 小时之前 · 人工智能+ 出海，携手全球开发者共探大模型新机遇 大模型落地的“诸神之战”，已从国内移步国外。中国AI企业正不断打破技术应用的地域边界，更加深度地赋能全球行业，构建 …
23,具身智能、6G入报告！“人工智能+”如何向未来 - 中国政府网,https://www.gov.cn/yaowen/liebiao/202503/content_7011747.htm,2025年3月8日 · 面对新一轮科技革命和产业变革，中国持续推动“人工智能+”行动，打造新质生产力强劲引擎。 报告提出“培育壮大新兴产业、未来产业”“梯度培育创新型企业”。 代表委员说， …
23,每日一词 | “人工智能+”行动 AI Plus initiative - 中国日报网,https://cn.chinadaily.com.cn/a/202503/12/WS67d152f8a310510f19eeb282.html,6 天之前 · 人工智能 是新一轮科技革命和产业变革的重要驱动力量，将对全球经济社会发展和人类文明进步产生深远影响。中国高度重视人工智能发展，积极推动互联网、大数据、人工智能和 …
23,人工智能为发展新质生产力蓄势赋能 - 光明网,https://tech.gmw.cn/2025-03/13/content_37902027.htm,6 天之前 · 人工智能通过促进技术、数据和平台发挥各自优势，推动生产要素优化配置，使彼此间协调更紧密，产生更大价值。同时，人工智能的快速发展和广泛应用，能够推动数实深度融 …
23,+什么？怎么+？一文读懂政府工作报告中“人工智能+”的含义,https://news.qq.com/rain/a/20240311A046LM00,2024年3月11日 · 而“人工智能+”则是一个更加宽泛的概念，它指的是人工智能作为一种基础性、驱动性的技术力量，与制造、医疗、教育、交通、农业等多个领域 ...
23,人工智能+ - 百度百科,https://baike.baidu.com/item/%E4%BA%BA%E5%B7%A5%E6%99%BA%E8%83%BD%2B/65314477,2025年3月5日 · 人工智能+（Artificial Intelligence +，AI+）指将人工智能技术与各行各业深度融合，推动产业转型升级和创新发展的一种理念与实践。 它不仅是将人工智能应用于某一特定领 …
23,AI应用加速落地，“人工智能+”背后的中国科技力量_中央网络 ...,https://www.cac.gov.cn/2025-03/07/c_1743048981069006.htm,2025年3月7日 · 2025年全国两会进行时，“人工智能+”高频登场。如今，“遇事不决，先问AI”已经成为当下许多年轻人的日常操作，无论是生活琐事还是工作难题，AI都能化身全能助手，提供一 …
23,【光明时评】“人工智能+”解锁未来无限可能--理论-中国共产党 ...,http://theory.people.com.cn/n1/2025/0317/c40531-40440112.html,2 天之前 · 光明时评】 今年全国两会期间，人工智能驱动未来发展是备受关注的热点话题。今年《政府工作报告》也明确提出，持续推进“人工智能+”行动，将数字技术与制造优势、市场优势更 …
23,AI观察 | 政府工作报告首提“人工智能+”有何深意？,http://finance.people.com.cn/n1/2024/0309/c1004-40192366.html,2024年3月9日 · 如今，随着大模型等人工智能技术成为引领新一代产业变革的核心力量，政府工作报告中首次提出的“人工智能+”行动，不仅顺应了全球AI发展的潮流，更与中国产业升级的大势 …
22,人工智能（智能科学与技术专业术语）_百度百科,https://baike.baidu.com/item/%E4%BA%BA%E5%B7%A5%E6%99%BA%E8%83%BD/9180,2024年12月20日 · 人工智能是研究使用计算机来模拟人的某些思维过程和智能行为（如学习、推理、思考、规划等）的学科，主要包括计算机实现智能的原理、制造类似于人脑智能的计算机， …
22,两会定调“人工智能+”扩规模，中国企业如何跑出AI落地加速度 ...,https://www.thepaper.cn/newsDetail_forward_30426366,16 小时之前 · 人工智能+ 出海，携手全球开发者共探大模型新机遇 大模型落地的“诸神之战”，已从国内移步国外。中国AI企业正不断打破技术应用的地域边界，更加深度地赋能全球行业，构建 …
22,具身智能、6G入报告！“人工智能+”如何向未来 - 中国政府网,https://www.gov.cn/yaowen/liebiao/202503/content_7011747.htm,2025年3月8日 · 面对新一轮科技革命和产业变革，中国持续推动“人工智能+”行动，打造新质生产力强劲引擎。 报告提出“培育壮大新兴产业、未来产业”“梯度培育创新型企业”。 代表委员说， …
22,每日一词 | “人工智能+”行动 AI Plus initiative - 中国日报网,https://cn.chinadaily.com.cn/a/202503/12/WS67d152f8a310510f19eeb282.html,6 天之前 · 人工智能 是新一轮科技革命和产业变革的重要驱动力量，将对全球经济社会发展和人类文明进步产生深远影响。中国高度重视人工智能发展，积极推动互联网、大数据、人工智能和 …
22,人工智能为发展新质生产力蓄势赋能 - 光明网,https://tech.gmw.cn/2025-03/13/content_37902027.htm,6 天之前 · 人工智能通过促进技术、数据和平台发挥各自优势，推动生产要素优化配置，使彼此间协调更紧密，产生更大价值。同时，人工智能的快速发展和广泛应用，能够推动数实深度融 …
22,+什么？怎么+？一文读懂政府工作报告中“人工智能+”的含义,https://news.qq.com/rain/a/20240311A046LM00,2024年3月11日 · 而“人工智能+”则是一个更加宽泛的概念，它指的是人工智能作为一种基础性、驱动性的技术力量，与制造、医疗、教育、交通、农业等多个领域 ...
22,人工智能+ - 百度百科,https://baike.baidu.com/item/%E4%BA%BA%E5%B7%A5%E6%99%BA%E8%83%BD%2B/65314477,2025年3月5日 · 人工智能+（Artificial Intelligence +，AI+）指将人工智能技术与各行各业深度融合，推动产业转型升级和创新发展的一种理念与实践。 它不仅是将人工智能应用于某一特定领 …
22,AI应用加速落地，“人工智能+”背后的中国科技力量_中央网络 ...,https://www.cac.gov.cn/2025-03/07/c_1743048981069006.htm,2025年3月7日 · 2025年全国两会进行时，“人工智能+”高频登场。如今，“遇事不决，先问AI”已经成为当下许多年轻人的日常操作，无论是生活琐事还是工作难题，AI都能化身全能助手，提供一 …
22,【光明时评】“人工智能+”解锁未来无限可能--理论-中国共产党 ...,http://theory.people.com.cn/n1/2025/0317/c40531-40440112.html,2 天之前 · 光明时评】 今年全国两会期间，人工智能驱动未来发展是备受关注的热点话题。今年《政府工作报告》也明确提出，持续推进“人工智能+”行动，将数字技术与制造优势、市场优势更 …
22,AI观察 | 政府工作报告首提“人工智能+”有何深意？,http://finance.people.com.cn/n1/2024/0309/c1004-40192366.html,2024年3月9日 · 如今，随着大模型等人工智能技术成为引领新一代产业变革的核心力量，政府工作报告中首次提出的“人工智能+”行动，不仅顺应了全球AI发展的潮流，更与中国产业升级的大势 …
25,人工智能（智能科学与技术专业术语）_百度百科,https://baike.baidu.com/item/%E4%BA%BA%E5%B7%A5%E6%99%BA%E8%83%BD/9180,2024年12月20日 · 人工智能是研究使用计算机来模拟人的某些思维过程和智能行为（如学习、推理、思考、规划等）的学科，主要包括计算机实现智能的原理、制造类似于人脑智能的计算机， …
25,两会定调“人工智能+”扩规模，中国企业如何跑出AI落地加速度 ...,https://www.thepaper.cn/newsDetail_forward_30426366,16 小时之前 · 人工智能+ 出海，携手全球开发者共探大模型新机遇 大模型落地的“诸神之战”，已从国内移步国外。中国AI企业正不断打破技术应用的地域边界，更加深度地赋能全球行业，构建 …
25,具身智能、6G入报告！“人工智能+”如何向未来 - 中国政府网,https://www.gov.cn/yaowen/liebiao/202503/content_7011747.htm,2025年3月8日 · 面对新一轮科技革命和产业变革，中国持续推动“人工智能+”行动，打造新质生产力强劲引擎。 报告提出“培育壮大新兴产业、未来产业”“梯度培育创新型企业”。 代表委员说， …
25,每日一词 | “人工智能+”行动 AI Plus initiative - 中国日报网,https://cn.chinadaily.com.cn/a/202503/12/WS67d152f8a310510f19eeb282.html,6 天之前 · 人工智能 是新一轮科技革命和产业变革的重要驱动力量，将对全球经济社会发展和人类文明进步产生深远影响。中国高度重视人工智能发展，积极推动互联网、大数据、人工智能和 …
25,人工智能为发展新质生产力蓄势赋能 - 光明网,https://tech.gmw.cn/2025-03/13/content_37902027.htm,6 天之前 · 人工智能通过促进技术、数据和平台发挥各自优势，推动生产要素优化配置，使彼此间协调更紧密，产生更大价值。同时，人工智能的快速发展和广泛应用，能够推动数实深度融 …
25,+什么？怎么+？一文读懂政府工作报告中“人工智能+”的含义,https://news.qq.com/rain/a/20240311A046LM00,2024年3月11日 · 而“人工智能+”则是一个更加宽泛的概念，它指的是人工智能作为一种基础性、驱动性的技术力量，与制造、医疗、教育、交通、农业等多个领域 ...
25,人工智能+ - 百度百科,https://baike.baidu.com/item/%E4%BA%BA%E5%B7%A5%E6%99%BA%E8%83%BD%2B/65314477,2025年3月5日 · 人工智能+（Artificial Intelligence +，AI+）指将人工智能技术与各行各业深度融合，推动产业转型升级和创新发展的一种理念与实践。 它不仅是将人工智能应用于某一特定领 …
25,AI应用加速落地，“人工智能+”背后的中国科技力量_中央网络 ...,https://www.cac.gov.cn/2025-03/07/c_1743048981069006.htm,2025年3月7日 · 2025年全国两会进行时，“人工智能+”高频登场。如今，“遇事不决，先问AI”已经成为当下许多年轻人的日常操作，无论是生活琐事还是工作难题，AI都能化身全能助手，提供一 …
25,【光明时评】“人工智能+”解锁未来无限可能--理论-中国共产党 ...,http://theory.people.com.cn/n1/2025/0317/c40531-40440112.html,2 天之前 · 光明时评】 今年全国两会期间，人工智能驱动未来发展是备受关注的热点话题。今年《政府工作报告》也明确提出，持续推进“人工智能+”行动，将数字技术与制造优势、市场优势更 …
25,AI观察 | 政府工作报告首提“人工智能+”有何深意？,http://finance.people.com.cn/n1/2024/0309/c1004-40192366.html,2024年3月9日 · 如今，随着大模型等人工智能技术成为引领新一代产业变革的核心力量，政府工作报告中首次提出的“人工智能+”行动，不仅顺应了全球AI发展的潮流，更与中国产业升级的大势 …
26,人工智能（智能科学与技术专业术语）_百度百科,https://baike.baidu.com/item/%E4%BA%BA%E5%B7%A5%E6%99%BA%E8%83%BD/9180,2024年12月20日 · 人工智能是研究使用计算机来模拟人的某些思维过程和智能行为（如学习、推理、思考、规划等）的学科，主要包括计算机实现智能的原理、制造类似于人脑智能的计算机， …
26,两会定调“人工智能+”扩规模，中国企业如何跑出AI落地加速度 ...,https://www.thepaper.cn/newsDetail_forward_30426366,16 小时之前 · 人工智能+ 出海，携手全球开发者共探大模型新机遇 大模型落地的“诸神之战”，已从国内移步国外。中国AI企业正不断打破技术应用的地域边界，更加深度地赋能全球行业，构建 …
26,具身智能、6G入报告！“人工智能+”如何向未来 - 中国政府网,https://www.gov.cn/yaowen/liebiao/202503/content_7011747.htm,2025年3月8日 · 面对新一轮科技革命和产业变革，中国持续推动“人工智能+”行动，打造新质生产力强劲引擎。 报告提出“培育壮大新兴产业、未来产业”“梯度培育创新型企业”。 代表委员说， …
26,每日一词 | “人工智能+”行动 AI Plus initiative - 中国日报网,https://cn.chinadaily.com.cn/a/202503/12/WS67d152f8a310510f19eeb282.html,6 天之前 · 人工智能 是新一轮科技革命和产业变革的重要驱动力量，将对全球经济社会发展和人类文明进步产生深远影响。中国高度重视人工智能发展，积极推动互联网、大数据、人工智能和 …
26,人工智能为发展新质生产力蓄势赋能 - 光明网,https://tech.gmw.cn/2025-03/13/content_37902027.htm,6 天之前 · 人工智能通过促进技术、数据和平台发挥各自优势，推动生产要素优化配置，使彼此间协调更紧密，产生更大价值。同时，人工智能的快速发展和广泛应用，能够推动数实深度融 …
26,+什么？怎么+？一文读懂政府工作报告中“人工智能+”的含义,https://news.qq.com/rain/a/20240311A046LM00,2024年3月11日 · 而“人工智能+”则是一个更加宽泛的概念，它指的是人工智能作为一种基础性、驱动性的技术力量，与制造、医疗、教育、交通、农业等多个领域 ...
26,人工智能+ - 百度百科,https://baike.baidu.com/item/%E4%BA%BA%E5%B7%A5%E6%99%BA%E8%83%BD%2B/65314477,2025年3月5日 · 人工智能+（Artificial Intelligence +，AI+）指将人工智能技术与各行各业深度融合，推动产业转型升级和创新发展的一种理念与实践。 它不仅是将人工智能应用于某一特定领 …
26,AI应用加速落地，“人工智能+”背后的中国科技力量_中央网络 ...,https://www.cac.gov.cn/2025-03/07/c_1743048981069006.htm,2025年3月7日 · 2025年全国两会进行时，“人工智能+”高频登场。如今，“遇事不决，先问AI”已经成为当下许多年轻人的日常操作，无论是生活琐事还是工作难题，AI都能化身全能助手，提供一 …
26,【光明时评】“人工智能+”解锁未来无限可能--理论-中国共产党 ...,http://theory.people.com.cn/n1/2025/0317/c40531-40440112.html,2 天之前 · 光明时评】 今年全国两会期间，人工智能驱动未来发展是备受关注的热点话题。今年《政府工作报告》也明确提出，持续推进“人工智能+”行动，将数字技术与制造优势、市场优势更 …
26,AI观察 | 政府工作报告首提“人工智能+”有何深意？,http://finance.people.com.cn/n1/2024/0309/c1004-40192366.html,2024年3月9日 · 如今，随着大模型等人工智能技术成为引领新一代产业变革的核心力量，政府工作报告中首次提出的“人工智能+”行动，不仅顺应了全球AI发展的潮流，更与中国产业升级的大势 …
24,人工智能（智能科学与技术专业术语）_百度百科,https://baike.baidu.com/item/%E4%BA%BA%E5%B7%A5%E6%99%BA%E8%83%BD/9180,2024年12月20日 · 人工智能是研究使用计算机来模拟人的某些思维过程和智能行为（如学习、推理、思考、规划等）的学科，主要包括计算机实现智能的原理、制造类似于人脑智能的计算机， …
24,两会定调“人工智能+”扩规模，中国企业如何跑出AI落地加速度 ...,https://www.thepaper.cn/newsDetail_forward_30426366,16 小时之前 · 人工智能+ 出海，携手全球开发者共探大模型新机遇 大模型落地的“诸神之战”，已从国内移步国外。中国AI企业正不断打破技术应用的地域边界，更加深度地赋能全球行业，构建 …
24,具身智能、6G入报告！“人工智能+”如何向未来 - 中国政府网,https://www.gov.cn/yaowen/liebiao/202503/content_7011747.htm,2025年3月8日 · 面对新一轮科技革命和产业变革，中国持续推动“人工智能+”行动，打造新质生产力强劲引擎。 报告提出“培育壮大新兴产业、未来产业”“梯度培育创新型企业”。 代表委员说， …
24,每日一词 | “人工智能+”行动 AI Plus initiative - 中国日报网,https://cn.chinadaily.com.cn/a/202503/12/WS67d152f8a310510f19eeb282.html,6 天之前 · 人工智能 是新一轮科技革命和产业变革的重要驱动力量，将对全球经济社会发展和人类文明进步产生深远影响。中国高度重视人工智能发展，积极推动互联网、大数据、人工智能和 …
24,人工智能为发展新质生产力蓄势赋能 - 光明网,https://tech.gmw.cn/2025-03/13/content_37902027.htm,6 天之前 · 人工智能通过促进技术、数据和平台发挥各自优势，推动生产要素优化配置，使彼此间协调更紧密，产生更大价值。同时，人工智能的快速发展和广泛应用，能够推动数实深度融 …
24,+什么？怎么+？一文读懂政府工作报告中“人工智能+”的含义,https://news.qq.com/rain/a/20240311A046LM00,2024年3月11日 · 而“人工智能+”则是一个更加宽泛的概念，它指的是人工智能作为一种基础性、驱动性的技术力量，与制造、医疗、教育、交通、农业等多个领域 ...
24,人工智能+ - 百度百科,https://baike.baidu.com/item/%E4%BA%BA%E5%B7%A5%E6%99%BA%E8%83%BD%2B/65314477,2025年3月5日 · 人工智能+（Artificial Intelligence +，AI+）指将人工智能技术与各行各业深度融合，推动产业转型升级和创新发展的一种理念与实践。 它不仅是将人工智能应用于某一特定领 …
24,AI应用加速落地，“人工智能+”背后的中国科技力量_中央网络 ...,https://www.cac.gov.cn/2025-03/07/c_1743048981069006.htm,2025年3月7日 · 2025年全国两会进行时，“人工智能+”高频登场。如今，“遇事不决，先问AI”已经成为当下许多年轻人的日常操作，无论是生活琐事还是工作难题，AI都能化身全能助手，提供一 …
24,【光明时评】“人工智能+”解锁未来无限可能--理论-中国共产党 ...,http://theory.people.com.cn/n1/2025/0317/c40531-40440112.html,2 天之前 · 光明时评】 今年全国两会期间，人工智能驱动未来发展是备受关注的热点话题。今年《政府工作报告》也明确提出，持续推进“人工智能+”行动，将数字技术与制造优势、市场优势更 …
24,AI观察 | 政府工作报告首提“人工智能+”有何深意？,http://finance.people.com.cn/n1/2024/0309/c1004-40192366.html,2024年3月9日 · 如今，随着大模型等人工智能技术成为引领新一代产业变革的核心力量，政府工作报告中首次提出的“人工智能+”行动，不仅顺应了全球AI发展的潮流，更与中国产业升级的大势 …
27,人工智能（智能科学与技术专业术语）_百度百科,https://baike.baidu.com/item/%E4%BA%BA%E5%B7%A5%E6%99%BA%E8%83%BD/9180,2024年12月20日 · 人工智能是研究使用计算机来模拟人的某些思维过程和智能行为（如学习、推理、思考、规划等）的学科，主要包括计算机实现智能的原理、制造类似于人脑智能的计算机， …
27,两会定调“人工智能+”扩规模，中国企业如何跑出AI落地加速度 ...,https://www.thepaper.cn/newsDetail_forward_30426366,16 小时之前 · 人工智能+ 出海，携手全球开发者共探大模型新机遇 大模型落地的“诸神之战”，已从国内移步国外。中国AI企业正不断打破技术应用的地域边界，更加深度地赋能全球行业，构建 …
27,具身智能、6G入报告！“人工智能+”如何向未来 - 中国政府网,https://www.gov.cn/yaowen/liebiao/202503/content_7011747.htm,2025年3月8日 · 面对新一轮科技革命和产业变革，中国持续推动“人工智能+”行动，打造新质生产力强劲引擎。 报告提出“培育壮大新兴产业、未来产业”“梯度培育创新型企业”。 代表委员说， …
27,每日一词 | “人工智能+”行动 AI Plus initiative - 中国日报网,https://cn.chinadaily.com.cn/a/202503/12/WS67d152f8a310510f19eeb282.html,6 天之前 · 人工智能 是新一轮科技革命和产业变革的重要驱动力量，将对全球经济社会发展和人类文明进步产生深远影响。中国高度重视人工智能发展，积极推动互联网、大数据、人工智能和 …
27,人工智能为发展新质生产力蓄势赋能 - 光明网,https://tech.gmw.cn/2025-03/13/content_37902027.htm,6 天之前 · 人工智能通过促进技术、数据和平台发挥各自优势，推动生产要素优化配置，使彼此间协调更紧密，产生更大价值。同时，人工智能的快速发展和广泛应用，能够推动数实深度融 …
27,+什么？怎么+？一文读懂政府工作报告中“人工智能+”的含义,https://news.qq.com/rain/a/20240311A046LM00,2024年3月11日 · 而“人工智能+”则是一个更加宽泛的概念，它指的是人工智能作为一种基础性、驱动性的技术力量，与制造、医疗、教育、交通、农业等多个领域 ...
27,人工智能+ - 百度百科,https://baike.baidu.com/item/%E4%BA%BA%E5%B7%A5%E6%99%BA%E8%83%BD%2B/65314477,2025年3月5日 · 人工智能+（Artificial Intelligence +，AI+）指将人工智能技术与各行各业深度融合，推动产业转型升级和创新发展的一种理念与实践。 它不仅是将人工智能应用于某一特定领 …
27,AI应用加速落地，“人工智能+”背后的中国科技力量_中央网络 ...,https://www.cac.gov.cn/2025-03/07/c_1743048981069006.htm,2025年3月7日 · 2025年全国两会进行时，“人工智能+”高频登场。如今，“遇事不决，先问AI”已经成为当下许多年轻人的日常操作，无论是生活琐事还是工作难题，AI都能化身全能助手，提供一 …
27,【光明时评】“人工智能+”解锁未来无限可能--理论-中国共产党 ...,http://theory.people.com.cn/n1/2025/0317/c40531-40440112.html,2 天之前 · 光明时评】 今年全国两会期间，人工智能驱动未来发展是备受关注的热点话题。今年《政府工作报告》也明确提出，持续推进“人工智能+”行动，将数字技术与制造优势、市场优势更 …
27,AI观察 | 政府工作报告首提“人工智能+”有何深意？,http://finance.people.com.cn/n1/2024/0309/c1004-40192366.html,2024年3月9日 · 如今，随着大模型等人工智能技术成为引领新一代产业变革的核心力量，政府工作报告中首次提出的“人工智能+”行动，不仅顺应了全球AI发展的潮流，更与中国产业升级的大势 …
28,人工智能（智能科学与技术专业术语）_百度百科,https://baike.baidu.com/item/%E4%BA%BA%E5%B7%A5%E6%99%BA%E8%83%BD/9180,2024年12月20日 · 人工智能是研究使用计算机来模拟人的某些思维过程和智能行为（如学习、推理、思考、规划等）的学科，主要包括计算机实现智能的原理、制造类似于人脑智能的计算机， …
28,两会定调“人工智能+”扩规模，中国企业如何跑出AI落地加速度 ...,https://www.thepaper.cn/newsDetail_forward_30426366,16 小时之前 · 人工智能+ 出海，携手全球开发者共探大模型新机遇 大模型落地的“诸神之战”，已从国内移步国外。中国AI企业正不断打破技术应用的地域边界，更加深度地赋能全球行业，构建 …
28,具身智能、6G入报告！“人工智能+”如何向未来 - 中国政府网,https://www.gov.cn/yaowen/liebiao/202503/content_7011747.htm,2025年3月8日 · 面对新一轮科技革命和产业变革，中国持续推动“人工智能+”行动，打造新质生产力强劲引擎。 报告提出“培育壮大新兴产业、未来产业”“梯度培育创新型企业”。 代表委员说， …
28,每日一词 | “人工智能+”行动 AI Plus initiative - 中国日报网,https://cn.chinadaily.com.cn/a/202503/12/WS67d152f8a310510f19eeb282.html,6 天之前 · 人工智能 是新一轮科技革命和产业变革的重要驱动力量，将对全球经济社会发展和人类文明进步产生深远影响。中国高度重视人工智能发展，积极推动互联网、大数据、人工智能和 …
28,人工智能为发展新质生产力蓄势赋能 - 光明网,https://tech.gmw.cn/2025-03/13/content_37902027.htm,6 天之前 · 人工智能通过促进技术、数据和平台发挥各自优势，推动生产要素优化配置，使彼此间协调更紧密，产生更大价值。同时，人工智能的快速发展和广泛应用，能够推动数实深度融 …
28,+什么？怎么+？一文读懂政府工作报告中“人工智能+”的含义,https://news.qq.com/rain/a/20240311A046LM00,2024年3月11日 · 而“人工智能+”则是一个更加宽泛的概念，它指的是人工智能作为一种基础性、驱动性的技术力量，与制造、医疗、教育、交通、农业等多个领域 ...
28,人工智能+ - 百度百科,https://baike.baidu.com/item/%E4%BA%BA%E5%B7%A5%E6%99%BA%E8%83%BD%2B/65314477,2025年3月5日 · 人工智能+（Artificial Intelligence +，AI+）指将人工智能技术与各行各业深度融合，推动产业转型升级和创新发展的一种理念与实践。 它不仅是将人工智能应用于某一特定领 …
28,AI应用加速落地，“人工智能+”背后的中国科技力量_中央网络 ...,https://www.cac.gov.cn/2025-03/07/c_1743048981069006.htm,2025年3月7日 · 2025年全国两会进行时，“人工智能+”高频登场。如今，“遇事不决，先问AI”已经成为当下许多年轻人的日常操作，无论是生活琐事还是工作难题，AI都能化身全能助手，提供一 …
28,【光明时评】“人工智能+”解锁未来无限可能--理论-中国共产党 ...,http://theory.people.com.cn/n1/2025/0317/c40531-40440112.html,2 天之前 · 光明时评】 今年全国两会期间，人工智能驱动未来发展是备受关注的热点话题。今年《政府工作报告》也明确提出，持续推进“人工智能+”行动，将数字技术与制造优势、市场优势更 …
28,AI观察 | 政府工作报告首提“人工智能+”有何深意？,http://finance.people.com.cn/n1/2024/0309/c1004-40192366.html,2024年3月9日 · 如今，随着大模型等人工智能技术成为引领新一代产业变革的核心力量，政府工作报告中首次提出的“人工智能+”行动，不仅顺应了全球AI发展的潮流，更与中国产业升级的大势 …
29,人工智能（智能科学与技术专业术语）_百度百科,https://baike.baidu.com/item/%E4%BA%BA%E5%B7%A5%E6%99%BA%E8%83%BD/9180,2024年12月20日 · 人工智能是研究使用计算机来模拟人的某些思维过程和智能行为（如学习、推理、思考、规划等）的学科，主要包括计算机实现智能的原理、制造类似于人脑智能的计算机， …
29,两会定调“人工智能+”扩规模，中国企业如何跑出AI落地加速度 ...,https://www.thepaper.cn/newsDetail_forward_30426366,16 小时之前 · 人工智能+ 出海，携手全球开发者共探大模型新机遇 大模型落地的“诸神之战”，已从国内移步国外。中国AI企业正不断打破技术应用的地域边界，更加深度地赋能全球行业，构建 …
29,具身智能、6G入报告！“人工智能+”如何向未来 - 中国政府网,https://www.gov.cn/yaowen/liebiao/202503/content_7011747.htm,2025年3月8日 · 面对新一轮科技革命和产业变革，中国持续推动“人工智能+”行动，打造新质生产力强劲引擎。 报告提出“培育壮大新兴产业、未来产业”“梯度培育创新型企业”。 代表委员说， …
29,每日一词 | “人工智能+”行动 AI Plus initiative - 中国日报网,https://cn.chinadaily.com.cn/a/202503/12/WS67d152f8a310510f19eeb282.html,6 天之前 · 人工智能 是新一轮科技革命和产业变革的重要驱动力量，将对全球经济社会发展和人类文明进步产生深远影响。中国高度重视人工智能发展，积极推动互联网、大数据、人工智能和 …
29,人工智能为发展新质生产力蓄势赋能 - 光明网,https://tech.gmw.cn/2025-03/13/content_37902027.htm,6 天之前 · 人工智能通过促进技术、数据和平台发挥各自优势，推动生产要素优化配置，使彼此间协调更紧密，产生更大价值。同时，人工智能的快速发展和广泛应用，能够推动数实深度融 …
29,+什么？怎么+？一文读懂政府工作报告中“人工智能+”的含义,https://news.qq.com/rain/a/20240311A046LM00,2024年3月11日 · 而“人工智能+”则是一个更加宽泛的概念，它指的是人工智能作为一种基础性、驱动性的技术力量，与制造、医疗、教育、交通、农业等多个领域 ...
29,人工智能+ - 百度百科,https://baike.baidu.com/item/%E4%BA%BA%E5%B7%A5%E6%99%BA%E8%83%BD%2B/65314477,2025年3月5日 · 人工智能+（Artificial Intelligence +，AI+）指将人工智能技术与各行各业深度融合，推动产业转型升级和创新发展的一种理念与实践。 它不仅是将人工智能应用于某一特定领 …
29,AI应用加速落地，“人工智能+”背后的中国科技力量_中央网络 ...,https://www.cac.gov.cn/2025-03/07/c_1743048981069006.htm,2025年3月7日 · 2025年全国两会进行时，“人工智能+”高频登场。如今，“遇事不决，先问AI”已经成为当下许多年轻人的日常操作，无论是生活琐事还是工作难题，AI都能化身全能助手，提供一 …
29,【光明时评】“人工智能+”解锁未来无限可能--理论-中国共产党 ...,http://theory.people.com.cn/n1/2025/0317/c40531-40440112.html,2 天之前 · 光明时评】 今年全国两会期间，人工智能驱动未来发展是备受关注的热点话题。今年《政府工作报告》也明确提出，持续推进“人工智能+”行动，将数字技术与制造优势、市场优势更 …
29,AI观察 | 政府工作报告首提“人工智能+”有何深意？,http://finance.people.com.cn/n1/2024/0309/c1004-40192366.html,2024年3月9日 · 如今，随着大模型等人工智能技术成为引领新一代产业变革的核心力量，政府工作报告中首次提出的“人工智能+”行动，不仅顺应了全球AI发展的潮流，更与中国产业升级的大势 …
30,人工智能（智能科学与技术专业术语）_百度百科,https://baike.baidu.com/item/%E4%BA%BA%E5%B7%A5%E6%99%BA%E8%83%BD/9180,2024年12月20日 · 人工智能是研究使用计算机来模拟人的某些思维过程和智能行为（如学习、推理、思考、规划等）的学科，主要包括计算机实现智能的原理、制造类似于人脑智能的计算机， …
30,两会定调“人工智能+”扩规模，中国企业如何跑出AI落地加速度 ...,https://www.thepaper.cn/newsDetail_forward_30426366,16 小时之前 · 人工智能+ 出海，携手全球开发者共探大模型新机遇 大模型落地的“诸神之战”，已从国内移步国外。中国AI企业正不断打破技术应用的地域边界，更加深度地赋能全球行业，构建 …
30,具身智能、6G入报告！“人工智能+”如何向未来 - 中国政府网,https://www.gov.cn/yaowen/liebiao/202503/content_7011747.htm,2025年3月8日 · 面对新一轮科技革命和产业变革，中国持续推动“人工智能+”行动，打造新质生产力强劲引擎。 报告提出“培育壮大新兴产业、未来产业”“梯度培育创新型企业”。 代表委员说， …
30,每日一词 | “人工智能+”行动 AI Plus initiative - 中国日报网,https://cn.chinadaily.com.cn/a/202503/12/WS67d152f8a310510f19eeb282.html,6 天之前 · 人工智能 是新一轮科技革命和产业变革的重要驱动力量，将对全球经济社会发展和人类文明进步产生深远影响。中国高度重视人工智能发展，积极推动互联网、大数据、人工智能和 …
30,人工智能为发展新质生产力蓄势赋能 - 光明网,https://tech.gmw.cn/2025-03/13/content_37902027.htm,6 天之前 · 人工智能通过促进技术、数据和平台发挥各自优势，推动生产要素优化配置，使彼此间协调更紧密，产生更大价值。同时，人工智能的快速发展和广泛应用，能够推动数实深度融 …
30,+什么？怎么+？一文读懂政府工作报告中“人工智能+”的含义,https://news.qq.com/rain/a/20240311A046LM00,2024年3月11日 · 而“人工智能+”则是一个更加宽泛的概念，它指的是人工智能作为一种基础性、驱动性的技术力量，与制造、医疗、教育、交通、农业等多个领域 ...
30,人工智能+ - 百度百科,https://baike.baidu.com/item/%E4%BA%BA%E5%B7%A5%E6%99%BA%E8%83%BD%2B/65314477,2025年3月5日 · 人工智能+（Artificial Intelligence +，AI+）指将人工智能技术与各行各业深度融合，推动产业转型升级和创新发展的一种理念与实践。 它不仅是将人工智能应用于某一特定领 …
30,AI应用加速落地，“人工智能+”背后的中国科技力量_中央网络 ...,https://www.cac.gov.cn/2025-03/07/c_1743048981069006.htm,2025年3月7日 · 2025年全国两会进行时，“人工智能+”高频登场。如今，“遇事不决，先问AI”已经成为当下许多年轻人的日常操作，无论是生活琐事还是工作难题，AI都能化身全能助手，提供一 …
30,【光明时评】“人工智能+”解锁未来无限可能--理论-中国共产党 ...,http://theory.people.com.cn/n1/2025/0317/c40531-40440112.html,2 天之前 · 光明时评】 今年全国两会期间，人工智能驱动未来发展是备受关注的热点话题。今年《政府工作报告》也明确提出，持续推进“人工智能+”行动，将数字技术与制造优势、市场优势更 …
30,AI观察 | 政府工作报告首提“人工智能+”有何深意？,http://finance.people.com.cn/n1/2024/0309/c1004-40192366.html,2024年3月9日 · 如今，随着大模型等人工智能技术成为引领新一代产业变革的核心力量，政府工作报告中首次提出的“人工智能+”行动，不仅顺应了全球AI发展的潮流，更与中国产业升级的大势 …
31,人工智能（智能科学与技术专业术语）_百度百科,https://baike.baidu.com/item/%E4%BA%BA%E5%B7%A5%E6%99%BA%E8%83%BD/9180,2024年12月20日 · 人工智能是研究使用计算机来模拟人的某些思维过程和智能行为（如学习、推理、思考、规划等）的学科，主要包括计算机实现智能的原理、制造类似于人脑智能的计算机， …
31,两会定调“人工智能+”扩规模，中国企业如何跑出AI落地加速度 ...,https://www.thepaper.cn/newsDetail_forward_30426366,16 小时之前 · 人工智能+ 出海，携手全球开发者共探大模型新机遇 大模型落地的“诸神之战”，已从国内移步国外。中国AI企业正不断打破技术应用的地域边界，更加深度地赋能全球行业，构建 …
31,具身智能、6G入报告！“人工智能+”如何向未来 - 中国政府网,https://www.gov.cn/yaowen/liebiao/202503/content_7011747.htm,2025年3月8日 · 面对新一轮科技革命和产业变革，中国持续推动“人工智能+”行动，打造新质生产力强劲引擎。 报告提出“培育壮大新兴产业、未来产业”“梯度培育创新型企业”。 代表委员说， …
31,每日一词 | “人工智能+”行动 AI Plus initiative - 中国日报网,https://cn.chinadaily.com.cn/a/202503/12/WS67d152f8a310510f19eeb282.html,6 天之前 · 人工智能 是新一轮科技革命和产业变革的重要驱动力量，将对全球经济社会发展和人类文明进步产生深远影响。中国高度重视人工智能发展，积极推动互联网、大数据、人工智能和 …
31,人工智能为发展新质生产力蓄势赋能 - 光明网,https://tech.gmw.cn/2025-03/13/content_37902027.htm,6 天之前 · 人工智能通过促进技术、数据和平台发挥各自优势，推动生产要素优化配置，使彼此间协调更紧密，产生更大价值。同时，人工智能的快速发展和广泛应用，能够推动数实深度融 …
31,+什么？怎么+？一文读懂政府工作报告中“人工智能+”的含义,https://news.qq.com/rain/a/20240311A046LM00,2024年3月11日 · 而“人工智能+”则是一个更加宽泛的概念，它指的是人工智能作为一种基础性、驱动性的技术力量，与制造、医疗、教育、交通、农业等多个领域 ...
31,人工智能+ - 百度百科,https://baike.baidu.com/item/%E4%BA%BA%E5%B7%A5%E6%99%BA%E8%83%BD%2B/65314477,2025年3月5日 · 人工智能+（Artificial Intelligence +，AI+）指将人工智能技术与各行各业深度融合，推动产业转型升级和创新发展的一种理念与实践。 它不仅是将人工智能应用于某一特定领 …
31,AI应用加速落地，“人工智能+”背后的中国科技力量_中央网络 ...,https://www.cac.gov.cn/2025-03/07/c_1743048981069006.htm,2025年3月7日 · 2025年全国两会进行时，“人工智能+”高频登场。如今，“遇事不决，先问AI”已经成为当下许多年轻人的日常操作，无论是生活琐事还是工作难题，AI都能化身全能助手，提供一 …
31,【光明时评】“人工智能+”解锁未来无限可能--理论-中国共产党 ...,http://theory.people.com.cn/n1/2025/0317/c40531-40440112.html,2 天之前 · 光明时评】 今年全国两会期间，人工智能驱动未来发展是备受关注的热点话题。今年《政府工作报告》也明确提出，持续推进“人工智能+”行动，将数字技术与制造优势、市场优势更 …
31,AI观察 | 政府工作报告首提“人工智能+”有何深意？,http://finance.people.com.cn/n1/2024/0309/c1004-40192366.html,2024年3月9日 · 如今，随着大模型等人工智能技术成为引领新一代产业变革的核心力量，政府工作报告中首次提出的“人工智能+”行动，不仅顺应了全球AI发展的潮流，更与中国产业升级的大势 …
32,人工智能（智能科学与技术专业术语）_百度百科,https://baike.baidu.com/item/%E4%BA%BA%E5%B7%A5%E6%99%BA%E8%83%BD/9180,2024年12月20日 · 人工智能是研究使用计算机来模拟人的某些思维过程和智能行为（如学习、推理、思考、规划等）的学科，主要包括计算机实现智能的原理、制造类似于人脑智能的计算机， …
32,两会定调“人工智能+”扩规模，中国企业如何跑出AI落地加速度 ...,https://www.thepaper.cn/newsDetail_forward_30426366,16 小时之前 · 人工智能+ 出海，携手全球开发者共探大模型新机遇 大模型落地的“诸神之战”，已从国内移步国外。中国AI企业正不断打破技术应用的地域边界，更加深度地赋能全球行业，构建 …
32,具身智能、6G入报告！“人工智能+”如何向未来 - 中国政府网,https://www.gov.cn/yaowen/liebiao/202503/content_7011747.htm,2025年3月8日 · 面对新一轮科技革命和产业变革，中国持续推动“人工智能+”行动，打造新质生产力强劲引擎。 报告提出“培育壮大新兴产业、未来产业”“梯度培育创新型企业”。 代表委员说， …
32,每日一词 | “人工智能+”行动 AI Plus initiative - 中国日报网,https://cn.chinadaily.com.cn/a/202503/12/WS67d152f8a310510f19eeb282.html,6 天之前 · 人工智能 是新一轮科技革命和产业变革的重要驱动力量，将对全球经济社会发展和人类文明进步产生深远影响。中国高度重视人工智能发展，积极推动互联网、大数据、人工智能和 …
32,人工智能为发展新质生产力蓄势赋能 - 光明网,https://tech.gmw.cn/2025-03/13/content_37902027.htm,6 天之前 · 人工智能通过促进技术、数据和平台发挥各自优势，推动生产要素优化配置，使彼此间协调更紧密，产生更大价值。同时，人工智能的快速发展和广泛应用，能够推动数实深度融 …
32,+什么？怎么+？一文读懂政府工作报告中“人工智能+”的含义,https://news.qq.com/rain/a/20240311A046LM00,2024年3月11日 · 而“人工智能+”则是一个更加宽泛的概念，它指的是人工智能作为一种基础性、驱动性的技术力量，与制造、医疗、教育、交通、农业等多个领域 ...
32,人工智能+ - 百度百科,https://baike.baidu.com/item/%E4%BA%BA%E5%B7%A5%E6%99%BA%E8%83%BD%2B/65314477,2025年3月5日 · 人工智能+（Artificial Intelligence +，AI+）指将人工智能技术与各行各业深度融合，推动产业转型升级和创新发展的一种理念与实践。 它不仅是将人工智能应用于某一特定领 …
32,AI应用加速落地，“人工智能+”背后的中国科技力量_中央网络 ...,https://www.cac.gov.cn/2025-03/07/c_1743048981069006.htm,2025年3月7日 · 2025年全国两会进行时，“人工智能+”高频登场。如今，“遇事不决，先问AI”已经成为当下许多年轻人的日常操作，无论是生活琐事还是工作难题，AI都能化身全能助手，提供一 …
32,【光明时评】“人工智能+”解锁未来无限可能--理论-中国共产党 ...,http://theory.people.com.cn/n1/2025/0317/c40531-40440112.html,2 天之前 · 光明时评】 今年全国两会期间，人工智能驱动未来发展是备受关注的热点话题。今年《政府工作报告》也明确提出，持续推进“人工智能+”行动，将数字技术与制造优势、市场优势更 …
32,AI观察 | 政府工作报告首提“人工智能+”有何深意？,http://finance.people.com.cn/n1/2024/0309/c1004-40192366.html,2024年3月9日 · 如今，随着大模型等人工智能技术成为引领新一代产业变革的核心力量，政府工作报告中首次提出的“人工智能+”行动，不仅顺应了全球AI发展的潮流，更与中国产业升级的大势 …
33,人工智能（智能科学与技术专业术语）_百度百科,https://baike.baidu.com/item/%E4%BA%BA%E5%B7%A5%E6%99%BA%E8%83%BD/9180,2024年12月20日 · 人工智能是研究使用计算机来模拟人的某些思维过程和智能行为（如学习、推理、思考、规划等）的学科，主要包括计算机实现智能的原理、制造类似于人脑智能的计算机， …
33,两会定调“人工智能+”扩规模，中国企业如何跑出AI落地加速度 ...,https://www.thepaper.cn/newsDetail_forward_30426366,16 小时之前 · 人工智能+ 出海，携手全球开发者共探大模型新机遇 大模型落地的“诸神之战”，已从国内移步国外。中国AI企业正不断打破技术应用的地域边界，更加深度地赋能全球行业，构建 …
33,具身智能、6G入报告！“人工智能+”如何向未来 - 中国政府网,https://www.gov.cn/yaowen/liebiao/202503/content_7011747.htm,2025年3月8日 · 面对新一轮科技革命和产业变革，中国持续推动“人工智能+”行动，打造新质生产力强劲引擎。 报告提出“培育壮大新兴产业、未来产业”“梯度培育创新型企业”。 代表委员说， …
33,每日一词 | “人工智能+”行动 AI Plus initiative - 中国日报网,https://cn.chinadaily.com.cn/a/202503/12/WS67d152f8a310510f19eeb282.html,6 天之前 · 人工智能 是新一轮科技革命和产业变革的重要驱动力量，将对全球经济社会发展和人类文明进步产生深远影响。中国高度重视人工智能发展，积极推动互联网、大数据、人工智能和 …
33,人工智能为发展新质生产力蓄势赋能 - 光明网,https://tech.gmw.cn/2025-03/13/content_37902027.htm,6 天之前 · 人工智能通过促进技术、数据和平台发挥各自优势，推动生产要素优化配置，使彼此间协调更紧密，产生更大价值。同时，人工智能的快速发展和广泛应用，能够推动数实深度融 …
33,+什么？怎么+？一文读懂政府工作报告中“人工智能+”的含义,https://news.qq.com/rain/a/20240311A046LM00,2024年3月11日 · 而“人工智能+”则是一个更加宽泛的概念，它指的是人工智能作为一种基础性、驱动性的技术力量，与制造、医疗、教育、交通、农业等多个领域 ...
33,人工智能+ - 百度百科,https://baike.baidu.com/item/%E4%BA%BA%E5%B7%A5%E6%99%BA%E8%83%BD%2B/65314477,2025年3月5日 · 人工智能+（Artificial Intelligence +，AI+）指将人工智能技术与各行各业深度融合，推动产业转型升级和创新发展的一种理念与实践。 它不仅是将人工智能应用于某一特定领 …
33,AI应用加速落地，“人工智能+”背后的中国科技力量_中央网络 ...,https://www.cac.gov.cn/2025-03/07/c_1743048981069006.htm,2025年3月7日 · 2025年全国两会进行时，“人工智能+”高频登场。如今，“遇事不决，先问AI”已经成为当下许多年轻人的日常操作，无论是生活琐事还是工作难题，AI都能化身全能助手，提供一 …
33,【光明时评】“人工智能+”解锁未来无限可能--理论-中国共产党 ...,http://theory.people.com.cn/n1/2025/0317/c40531-40440112.html,2 天之前 · 光明时评】 今年全国两会期间，人工智能驱动未来发展是备受关注的热点话题。今年《政府工作报告》也明确提出，持续推进“人工智能+”行动，将数字技术与制造优势、市场优势更 …
33,AI观察 | 政府工作报告首提“人工智能+”有何深意？,http://finance.people.com.cn/n1/2024/0309/c1004-40192366.html,2024年3月9日 · 如今，随着大模型等人工智能技术成为引领新一代产业变革的核心力量，政府工作报告中首次提出的“人工智能+”行动，不仅顺应了全球AI发展的潮流，更与中国产业升级的大势 …
35,人工智能（智能科学与技术专业术语）_百度百科,https://baike.baidu.com/item/%E4%BA%BA%E5%B7%A5%E6%99%BA%E8%83%BD/9180,2024年12月20日 · 人工智能是研究使用计算机来模拟人的某些思维过程和智能行为（如学习、推理、思考、规划等）的学科，主要包括计算机实现智能的原理、制造类似于人脑智能的计算机， …
35,两会定调“人工智能+”扩规模，中国企业如何跑出AI落地加速度 ...,https://www.thepaper.cn/newsDetail_forward_30426366,16 小时之前 · 人工智能+ 出海，携手全球开发者共探大模型新机遇 大模型落地的“诸神之战”，已从国内移步国外。中国AI企业正不断打破技术应用的地域边界，更加深度地赋能全球行业，构建 …
35,具身智能、6G入报告！“人工智能+”如何向未来 - 中国政府网,https://www.gov.cn/yaowen/liebiao/202503/content_7011747.htm,2025年3月8日 · 面对新一轮科技革命和产业变革，中国持续推动“人工智能+”行动，打造新质生产力强劲引擎。 报告提出“培育壮大新兴产业、未来产业”“梯度培育创新型企业”。 代表委员说， …
35,每日一词 | “人工智能+”行动 AI Plus initiative - 中国日报网,https://cn.chinadaily.com.cn/a/202503/12/WS67d152f8a310510f19eeb282.html,6 天之前 · 人工智能 是新一轮科技革命和产业变革的重要驱动力量，将对全球经济社会发展和人类文明进步产生深远影响。中国高度重视人工智能发展，积极推动互联网、大数据、人工智能和 …
35,人工智能为发展新质生产力蓄势赋能 - 光明网,https://tech.gmw.cn/2025-03/13/content_37902027.htm,6 天之前 · 人工智能通过促进技术、数据和平台发挥各自优势，推动生产要素优化配置，使彼此间协调更紧密，产生更大价值。同时，人工智能的快速发展和广泛应用，能够推动数实深度融 …
35,+什么？怎么+？一文读懂政府工作报告中“人工智能+”的含义,https://news.qq.com/rain/a/20240311A046LM00,2024年3月11日 · 而“人工智能+”则是一个更加宽泛的概念，它指的是人工智能作为一种基础性、驱动性的技术力量，与制造、医疗、教育、交通、农业等多个领域 ...
35,人工智能+ - 百度百科,https://baike.baidu.com/item/%E4%BA%BA%E5%B7%A5%E6%99%BA%E8%83%BD%2B/65314477,2025年3月5日 · 人工智能+（Artificial Intelligence +，AI+）指将人工智能技术与各行各业深度融合，推动产业转型升级和创新发展的一种理念与实践。 它不仅是将人工智能应用于某一特定领 …
35,AI应用加速落地，“人工智能+”背后的中国科技力量_中央网络 ...,https://www.cac.gov.cn/2025-03/07/c_1743048981069006.htm,2025年3月7日 · 2025年全国两会进行时，“人工智能+”高频登场。如今，“遇事不决，先问AI”已经成为当下许多年轻人的日常操作，无论是生活琐事还是工作难题，AI都能化身全能助手，提供一 …
35,【光明时评】“人工智能+”解锁未来无限可能--理论-中国共产党 ...,http://theory.people.com.cn/n1/2025/0317/c40531-40440112.html,2 天之前 · 光明时评】 今年全国两会期间，人工智能驱动未来发展是备受关注的热点话题。今年《政府工作报告》也明确提出，持续推进“人工智能+”行动，将数字技术与制造优势、市场优势更 …
35,AI观察 | 政府工作报告首提“人工智能+”有何深意？,http://finance.people.com.cn/n1/2024/0309/c1004-40192366.html,2024年3月9日 · 如今，随着大模型等人工智能技术成为引领新一代产业变革的核心力量，政府工作报告中首次提出的“人工智能+”行动，不仅顺应了全球AI发展的潮流，更与中国产业升级的大势 …
34,人工智能（智能科学与技术专业术语）_百度百科,https://baike.baidu.com/item/%E4%BA%BA%E5%B7%A5%E6%99%BA%E8%83%BD/9180,2024年12月20日 · 人工智能是研究使用计算机来模拟人的某些思维过程和智能行为（如学习、推理、思考、规划等）的学科，主要包括计算机实现智能的原理、制造类似于人脑智能的计算机， …
34,两会定调“人工智能+”扩规模，中国企业如何跑出AI落地加速度 ...,https://www.thepaper.cn/newsDetail_forward_30426366,16 小时之前 · 人工智能+ 出海，携手全球开发者共探大模型新机遇 大模型落地的“诸神之战”，已从国内移步国外。中国AI企业正不断打破技术应用的地域边界，更加深度地赋能全球行业，构建 …
34,具身智能、6G入报告！“人工智能+”如何向未来 - 中国政府网,https://www.gov.cn/yaowen/liebiao/202503/content_7011747.htm,2025年3月8日 · 面对新一轮科技革命和产业变革，中国持续推动“人工智能+”行动，打造新质生产力强劲引擎。 报告提出“培育壮大新兴产业、未来产业”“梯度培育创新型企业”。 代表委员说， …
34,每日一词 | “人工智能+”行动 AI Plus initiative - 中国日报网,https://cn.chinadaily.com.cn/a/202503/12/WS67d152f8a310510f19eeb282.html,6 天之前 · 人工智能 是新一轮科技革命和产业变革的重要驱动力量，将对全球经济社会发展和人类文明进步产生深远影响。中国高度重视人工智能发展，积极推动互联网、大数据、人工智能和 …
34,人工智能为发展新质生产力蓄势赋能 - 光明网,https://tech.gmw.cn/2025-03/13/content_37902027.htm,6 天之前 · 人工智能通过促进技术、数据和平台发挥各自优势，推动生产要素优化配置，使彼此间协调更紧密，产生更大价值。同时，人工智能的快速发展和广泛应用，能够推动数实深度融 …
34,+什么？怎么+？一文读懂政府工作报告中“人工智能+”的含义,https://news.qq.com/rain/a/20240311A046LM00,2024年3月11日 · 而“人工智能+”则是一个更加宽泛的概念，它指的是人工智能作为一种基础性、驱动性的技术力量，与制造、医疗、教育、交通、农业等多个领域 ...
34,人工智能+ - 百度百科,https://baike.baidu.com/item/%E4%BA%BA%E5%B7%A5%E6%99%BA%E8%83%BD%2B/65314477,2025年3月5日 · 人工智能+（Artificial Intelligence +，AI+）指将人工智能技术与各行各业深度融合，推动产业转型升级和创新发展的一种理念与实践。 它不仅是将人工智能应用于某一特定领 …
34,AI应用加速落地，“人工智能+”背后的中国科技力量_中央网络 ...,https://www.cac.gov.cn/2025-03/07/c_1743048981069006.htm,2025年3月7日 · 2025年全国两会进行时，“人工智能+”高频登场。如今，“遇事不决，先问AI”已经成为当下许多年轻人的日常操作，无论是生活琐事还是工作难题，AI都能化身全能助手，提供一 …
34,【光明时评】“人工智能+”解锁未来无限可能--理论-中国共产党 ...,http://theory.people.com.cn/n1/2025/0317/c40531-40440112.html,2 天之前 · 光明时评】 今年全国两会期间，人工智能驱动未来发展是备受关注的热点话题。今年《政府工作报告》也明确提出，持续推进“人工智能+”行动，将数字技术与制造优势、市场优势更 …
34,AI观察 | 政府工作报告首提“人工智能+”有何深意？,http://finance.people.com.cn/n1/2024/0309/c1004-40192366.html,2024年3月9日 · 如今，随着大模型等人工智能技术成为引领新一代产业变革的核心力量，政府工作报告中首次提出的“人工智能+”行动，不仅顺应了全球AI发展的潮流，更与中国产业升级的大势 …
37,人工智能（智能科学与技术专业术语）_百度百科,https://baike.baidu.com/item/%E4%BA%BA%E5%B7%A5%E6%99%BA%E8%83%BD/9180,2024年12月20日 · 人工智能是研究使用计算机来模拟人的某些思维过程和智能行为（如学习、推理、思考、规划等）的学科，主要包括计算机实现智能的原理、制造类似于人脑智能的计算机， …
37,两会定调“人工智能+”扩规模，中国企业如何跑出AI落地加速度 ...,https://www.thepaper.cn/newsDetail_forward_30426366,16 小时之前 · 人工智能+ 出海，携手全球开发者共探大模型新机遇 大模型落地的“诸神之战”，已从国内移步国外。中国AI企业正不断打破技术应用的地域边界，更加深度地赋能全球行业，构建 …
37,具身智能、6G入报告！“人工智能+”如何向未来 - 中国政府网,https://www.gov.cn/yaowen/liebiao/202503/content_7011747.htm,2025年3月8日 · 面对新一轮科技革命和产业变革，中国持续推动“人工智能+”行动，打造新质生产力强劲引擎。 报告提出“培育壮大新兴产业、未来产业”“梯度培育创新型企业”。 代表委员说， …
37,每日一词 | “人工智能+”行动 AI Plus initiative - 中国日报网,https://cn.chinadaily.com.cn/a/202503/12/WS67d152f8a310510f19eeb282.html,6 天之前 · 人工智能 是新一轮科技革命和产业变革的重要驱动力量，将对全球经济社会发展和人类文明进步产生深远影响。中国高度重视人工智能发展，积极推动互联网、大数据、人工智能和 …
37,人工智能为发展新质生产力蓄势赋能 - 光明网,https://tech.gmw.cn/2025-03/13/content_37902027.htm,6 天之前 · 人工智能通过促进技术、数据和平台发挥各自优势，推动生产要素优化配置，使彼此间协调更紧密，产生更大价值。同时，人工智能的快速发展和广泛应用，能够推动数实深度融 …
37,+什么？怎么+？一文读懂政府工作报告中“人工智能+”的含义,https://news.qq.com/rain/a/20240311A046LM00,2024年3月11日 · 而“人工智能+”则是一个更加宽泛的概念，它指的是人工智能作为一种基础性、驱动性的技术力量，与制造、医疗、教育、交通、农业等多个领域 ...
37,人工智能+ - 百度百科,https://baike.baidu.com/item/%E4%BA%BA%E5%B7%A5%E6%99%BA%E8%83%BD%2B/65314477,2025年3月5日 · 人工智能+（Artificial Intelligence +，AI+）指将人工智能技术与各行各业深度融合，推动产业转型升级和创新发展的一种理念与实践。 它不仅是将人工智能应用于某一特定领 …
37,AI应用加速落地，“人工智能+”背后的中国科技力量_中央网络 ...,https://www.cac.gov.cn/2025-03/07/c_1743048981069006.htm,2025年3月7日 · 2025年全国两会进行时，“人工智能+”高频登场。如今，“遇事不决，先问AI”已经成为当下许多年轻人的日常操作，无论是生活琐事还是工作难题，AI都能化身全能助手，提供一 …
37,【光明时评】“人工智能+”解锁未来无限可能--理论-中国共产党 ...,http://theory.people.com.cn/n1/2025/0317/c40531-40440112.html,2 天之前 · 光明时评】 今年全国两会期间，人工智能驱动未来发展是备受关注的热点话题。今年《政府工作报告》也明确提出，持续推进“人工智能+”行动，将数字技术与制造优势、市场优势更 …
37,AI观察 | 政府工作报告首提“人工智能+”有何深意？,http://finance.people.com.cn/n1/2024/0309/c1004-40192366.html,2024年3月9日 · 如今，随着大模型等人工智能技术成为引领新一代产业变革的核心力量，政府工作报告中首次提出的“人工智能+”行动，不仅顺应了全球AI发展的潮流，更与中国产业升级的大势 …
36,人工智能（智能科学与技术专业术语）_百度百科,https://baike.baidu.com/item/%E4%BA%BA%E5%B7%A5%E6%99%BA%E8%83%BD/9180,2024年12月20日 · 人工智能是研究使用计算机来模拟人的某些思维过程和智能行为（如学习、推理、思考、规划等）的学科，主要包括计算机实现智能的原理、制造类似于人脑智能的计算机， …
36,两会定调“人工智能+”扩规模，中国企业如何跑出AI落地加速度 ...,https://www.thepaper.cn/newsDetail_forward_30426366,16 小时之前 · 人工智能+ 出海，携手全球开发者共探大模型新机遇 大模型落地的“诸神之战”，已从国内移步国外。中国AI企业正不断打破技术应用的地域边界，更加深度地赋能全球行业，构建 …
36,具身智能、6G入报告！“人工智能+”如何向未来 - 中国政府网,https://www.gov.cn/yaowen/liebiao/202503/content_7011747.htm,2025年3月8日 · 面对新一轮科技革命和产业变革，中国持续推动“人工智能+”行动，打造新质生产力强劲引擎。 报告提出“培育壮大新兴产业、未来产业”“梯度培育创新型企业”。 代表委员说， …
36,每日一词 | “人工智能+”行动 AI Plus initiative - 中国日报网,https://cn.chinadaily.com.cn/a/202503/12/WS67d152f8a310510f19eeb282.html,6 天之前 · 人工智能 是新一轮科技革命和产业变革的重要驱动力量，将对全球经济社会发展和人类文明进步产生深远影响。中国高度重视人工智能发展，积极推动互联网、大数据、人工智能和 …
36,人工智能为发展新质生产力蓄势赋能 - 光明网,https://tech.gmw.cn/2025-03/13/content_37902027.htm,6 天之前 · 人工智能通过促进技术、数据和平台发挥各自优势，推动生产要素优化配置，使彼此间协调更紧密，产生更大价值。同时，人工智能的快速发展和广泛应用，能够推动数实深度融 …
36,+什么？怎么+？一文读懂政府工作报告中“人工智能+”的含义,https://news.qq.com/rain/a/20240311A046LM00,2024年3月11日 · 而“人工智能+”则是一个更加宽泛的概念，它指的是人工智能作为一种基础性、驱动性的技术力量，与制造、医疗、教育、交通、农业等多个领域 ...
36,人工智能+ - 百度百科,https://baike.baidu.com/item/%E4%BA%BA%E5%B7%A5%E6%99%BA%E8%83%BD%2B/65314477,2025年3月5日 · 人工智能+（Artificial Intelligence +，AI+）指将人工智能技术与各行各业深度融合，推动产业转型升级和创新发展的一种理念与实践。 它不仅是将人工智能应用于某一特定领 …
36,AI应用加速落地，“人工智能+”背后的中国科技力量_中央网络 ...,https://www.cac.gov.cn/2025-03/07/c_1743048981069006.htm,2025年3月7日 · 2025年全国两会进行时，“人工智能+”高频登场。如今，“遇事不决，先问AI”已经成为当下许多年轻人的日常操作，无论是生活琐事还是工作难题，AI都能化身全能助手，提供一 …
36,【光明时评】“人工智能+”解锁未来无限可能--理论-中国共产党 ...,http://theory.people.com.cn/n1/2025/0317/c40531-40440112.html,2 天之前 · 光明时评】 今年全国两会期间，人工智能驱动未来发展是备受关注的热点话题。今年《政府工作报告》也明确提出，持续推进“人工智能+”行动，将数字技术与制造优势、市场优势更 …
36,AI观察 | 政府工作报告首提“人工智能+”有何深意？,http://finance.people.com.cn/n1/2024/0309/c1004-40192366.html,2024年3月9日 · 如今，随着大模型等人工智能技术成为引领新一代产业变革的核心力量，政府工作报告中首次提出的“人工智能+”行动，不仅顺应了全球AI发展的潮流，更与中国产业升级的大势 …
38,人工智能（智能科学与技术专业术语）_百度百科,https://baike.baidu.com/item/%E4%BA%BA%E5%B7%A5%E6%99%BA%E8%83%BD/9180,2024年12月20日 · 人工智能是研究使用计算机来模拟人的某些思维过程和智能行为（如学习、推理、思考、规划等）的学科，主要包括计算机实现智能的原理、制造类似于人脑智能的计算机， …
38,两会定调“人工智能+”扩规模，中国企业如何跑出AI落地加速度 ...,https://www.thepaper.cn/newsDetail_forward_30426366,16 小时之前 · 人工智能+ 出海，携手全球开发者共探大模型新机遇 大模型落地的“诸神之战”，已从国内移步国外。中国AI企业正不断打破技术应用的地域边界，更加深度地赋能全球行业，构建 …
38,具身智能、6G入报告！“人工智能+”如何向未来 - 中国政府网,https://www.gov.cn/yaowen/liebiao/202503/content_7011747.htm,2025年3月8日 · 面对新一轮科技革命和产业变革，中国持续推动“人工智能+”行动，打造新质生产力强劲引擎。 报告提出“培育壮大新兴产业、未来产业”“梯度培育创新型企业”。 代表委员说， …
38,每日一词 | “人工智能+”行动 AI Plus initiative - 中国日报网,https://cn.chinadaily.com.cn/a/202503/12/WS67d152f8a310510f19eeb282.html,6 天之前 · 人工智能 是新一轮科技革命和产业变革的重要驱动力量，将对全球经济社会发展和人类文明进步产生深远影响。中国高度重视人工智能发展，积极推动互联网、大数据、人工智能和 …
38,人工智能为发展新质生产力蓄势赋能 - 光明网,https://tech.gmw.cn/2025-03/13/content_37902027.htm,6 天之前 · 人工智能通过促进技术、数据和平台发挥各自优势，推动生产要素优化配置，使彼此间协调更紧密，产生更大价值。同时，人工智能的快速发展和广泛应用，能够推动数实深度融 …
38,+什么？怎么+？一文读懂政府工作报告中“人工智能+”的含义,https://news.qq.com/rain/a/20240311A046LM00,2024年3月11日 · 而“人工智能+”则是一个更加宽泛的概念，它指的是人工智能作为一种基础性、驱动性的技术力量，与制造、医疗、教育、交通、农业等多个领域 ...
38,人工智能+ - 百度百科,https://baike.baidu.com/item/%E4%BA%BA%E5%B7%A5%E6%99%BA%E8%83%BD%2B/65314477,2025年3月5日 · 人工智能+（Artificial Intelligence +，AI+）指将人工智能技术与各行各业深度融合，推动产业转型升级和创新发展的一种理念与实践。 它不仅是将人工智能应用于某一特定领 …
38,AI应用加速落地，“人工智能+”背后的中国科技力量_中央网络 ...,https://www.cac.gov.cn/2025-03/07/c_1743048981069006.htm,2025年3月7日 · 2025年全国两会进行时，“人工智能+”高频登场。如今，“遇事不决，先问AI”已经成为当下许多年轻人的日常操作，无论是生活琐事还是工作难题，AI都能化身全能助手，提供一 …
38,【光明时评】“人工智能+”解锁未来无限可能--理论-中国共产党 ...,http://theory.people.com.cn/n1/2025/0317/c40531-40440112.html,2 天之前 · 光明时评】 今年全国两会期间，人工智能驱动未来发展是备受关注的热点话题。今年《政府工作报告》也明确提出，持续推进“人工智能+”行动，将数字技术与制造优势、市场优势更 …
38,AI观察 | 政府工作报告首提“人工智能+”有何深意？,http://finance.people.com.cn/n1/2024/0309/c1004-40192366.html,2024年3月9日 · 如今，随着大模型等人工智能技术成为引领新一代产业变革的核心力量，政府工作报告中首次提出的“人工智能+”行动，不仅顺应了全球AI发展的潮流，更与中国产业升级的大势 …
40,人工智能（智能科学与技术专业术语）_百度百科,https://baike.baidu.com/item/%E4%BA%BA%E5%B7%A5%E6%99%BA%E8%83%BD/9180,2024年12月20日 · 人工智能是研究使用计算机来模拟人的某些思维过程和智能行为（如学习、推理、思考、规划等）的学科，主要包括计算机实现智能的原理、制造类似于人脑智能的计算机， …
40,两会定调“人工智能+”扩规模，中国企业如何跑出AI落地加速度 ...,https://www.thepaper.cn/newsDetail_forward_30426366,16 小时之前 · 人工智能+ 出海，携手全球开发者共探大模型新机遇 大模型落地的“诸神之战”，已从国内移步国外。中国AI企业正不断打破技术应用的地域边界，更加深度地赋能全球行业，构建 …
40,具身智能、6G入报告！“人工智能+”如何向未来 - 中国政府网,https://www.gov.cn/yaowen/liebiao/202503/content_7011747.htm,2025年3月8日 · 面对新一轮科技革命和产业变革，中国持续推动“人工智能+”行动，打造新质生产力强劲引擎。 报告提出“培育壮大新兴产业、未来产业”“梯度培育创新型企业”。 代表委员说， …
40,每日一词 | “人工智能+”行动 AI Plus initiative - 中国日报网,https://cn.chinadaily.com.cn/a/202503/12/WS67d152f8a310510f19eeb282.html,6 天之前 · 人工智能 是新一轮科技革命和产业变革的重要驱动力量，将对全球经济社会发展和人类文明进步产生深远影响。中国高度重视人工智能发展，积极推动互联网、大数据、人工智能和 …
40,人工智能为发展新质生产力蓄势赋能 - 光明网,https://tech.gmw.cn/2025-03/13/content_37902027.htm,6 天之前 · 人工智能通过促进技术、数据和平台发挥各自优势，推动生产要素优化配置，使彼此间协调更紧密，产生更大价值。同时，人工智能的快速发展和广泛应用，能够推动数实深度融 …
40,+什么？怎么+？一文读懂政府工作报告中“人工智能+”的含义,https://news.qq.com/rain/a/20240311A046LM00,2024年3月11日 · 而“人工智能+”则是一个更加宽泛的概念，它指的是人工智能作为一种基础性、驱动性的技术力量，与制造、医疗、教育、交通、农业等多个领域 ...
40,人工智能+ - 百度百科,https://baike.baidu.com/item/%E4%BA%BA%E5%B7%A5%E6%99%BA%E8%83%BD%2B/65314477,2025年3月5日 · 人工智能+（Artificial Intelligence +，AI+）指将人工智能技术与各行各业深度融合，推动产业转型升级和创新发展的一种理念与实践。 它不仅是将人工智能应用于某一特定领 …
40,AI应用加速落地，“人工智能+”背后的中国科技力量_中央网络 ...,https://www.cac.gov.cn/2025-03/07/c_1743048981069006.htm,2025年3月7日 · 2025年全国两会进行时，“人工智能+”高频登场。如今，“遇事不决，先问AI”已经成为当下许多年轻人的日常操作，无论是生活琐事还是工作难题，AI都能化身全能助手，提供一 …
40,【光明时评】“人工智能+”解锁未来无限可能--理论-中国共产党 ...,http://theory.people.com.cn/n1/2025/0317/c40531-40440112.html,2 天之前 · 光明时评】 今年全国两会期间，人工智能驱动未来发展是备受关注的热点话题。今年《政府工作报告》也明确提出，持续推进“人工智能+”行动，将数字技术与制造优势、市场优势更 …
40,AI观察 | 政府工作报告首提“人工智能+”有何深意？,http://finance.people.com.cn/n1/2024/0309/c1004-40192366.html,2024年3月9日 · 如今，随着大模型等人工智能技术成为引领新一代产业变革的核心力量，政府工作报告中首次提出的“人工智能+”行动，不仅顺应了全球AI发展的潮流，更与中国产业升级的大势 …
41,人工智能（智能科学与技术专业术语）_百度百科,https://baike.baidu.com/item/%E4%BA%BA%E5%B7%A5%E6%99%BA%E8%83%BD/9180,2024年12月20日 · 人工智能是研究使用计算机来模拟人的某些思维过程和智能行为（如学习、推理、思考、规划等）的学科，主要包括计算机实现智能的原理、制造类似于人脑智能的计算机， …
41,两会定调“人工智能+”扩规模，中国企业如何跑出AI落地加速度 ...,https://www.thepaper.cn/newsDetail_forward_30426366,16 小时之前 · 人工智能+ 出海，携手全球开发者共探大模型新机遇 大模型落地的“诸神之战”，已从国内移步国外。中国AI企业正不断打破技术应用的地域边界，更加深度地赋能全球行业，构建 …
41,具身智能、6G入报告！“人工智能+”如何向未来 - 中国政府网,https://www.gov.cn/yaowen/liebiao/202503/content_7011747.htm,2025年3月8日 · 面对新一轮科技革命和产业变革，中国持续推动“人工智能+”行动，打造新质生产力强劲引擎。 报告提出“培育壮大新兴产业、未来产业”“梯度培育创新型企业”。 代表委员说， …
41,每日一词 | “人工智能+”行动 AI Plus initiative - 中国日报网,https://cn.chinadaily.com.cn/a/202503/12/WS67d152f8a310510f19eeb282.html,6 天之前 · 人工智能 是新一轮科技革命和产业变革的重要驱动力量，将对全球经济社会发展和人类文明进步产生深远影响。中国高度重视人工智能发展，积极推动互联网、大数据、人工智能和 …
41,人工智能为发展新质生产力蓄势赋能 - 光明网,https://tech.gmw.cn/2025-03/13/content_37902027.htm,6 天之前 · 人工智能通过促进技术、数据和平台发挥各自优势，推动生产要素优化配置，使彼此间协调更紧密，产生更大价值。同时，人工智能的快速发展和广泛应用，能够推动数实深度融 …
41,+什么？怎么+？一文读懂政府工作报告中“人工智能+”的含义,https://news.qq.com/rain/a/20240311A046LM00,2024年3月11日 · 而“人工智能+”则是一个更加宽泛的概念，它指的是人工智能作为一种基础性、驱动性的技术力量，与制造、医疗、教育、交通、农业等多个领域 ...
41,人工智能+ - 百度百科,https://baike.baidu.com/item/%E4%BA%BA%E5%B7%A5%E6%99%BA%E8%83%BD%2B/65314477,2025年3月5日 · 人工智能+（Artificial Intelligence +，AI+）指将人工智能技术与各行各业深度融合，推动产业转型升级和创新发展的一种理念与实践。 它不仅是将人工智能应用于某一特定领 …
41,AI应用加速落地，“人工智能+”背后的中国科技力量_中央网络 ...,https://www.cac.gov.cn/2025-03/07/c_1743048981069006.htm,2025年3月7日 · 2025年全国两会进行时，“人工智能+”高频登场。如今，“遇事不决，先问AI”已经成为当下许多年轻人的日常操作，无论是生活琐事还是工作难题，AI都能化身全能助手，提供一 …
41,【光明时评】“人工智能+”解锁未来无限可能--理论-中国共产党 ...,http://theory.people.com.cn/n1/2025/0317/c40531-40440112.html,2 天之前 · 光明时评】 今年全国两会期间，人工智能驱动未来发展是备受关注的热点话题。今年《政府工作报告》也明确提出，持续推进“人工智能+”行动，将数字技术与制造优势、市场优势更 …
41,AI观察 | 政府工作报告首提“人工智能+”有何深意？,http://finance.people.com.cn/n1/2024/0309/c1004-40192366.html,2024年3月9日 · 如今，随着大模型等人工智能技术成为引领新一代产业变革的核心力量，政府工作报告中首次提出的“人工智能+”行动，不仅顺应了全球AI发展的潮流，更与中国产业升级的大势 …
42,人工智能（智能科学与技术专业术语）_百度百科,https://baike.baidu.com/item/%E4%BA%BA%E5%B7%A5%E6%99%BA%E8%83%BD/9180,2024年12月20日 · 人工智能是研究使用计算机来模拟人的某些思维过程和智能行为（如学习、推理、思考、规划等）的学科，主要包括计算机实现智能的原理、制造类似于人脑智能的计算机， …
42,两会定调“人工智能+”扩规模，中国企业如何跑出AI落地加速度 ...,https://www.thepaper.cn/newsDetail_forward_30426366,16 小时之前 · 人工智能+ 出海，携手全球开发者共探大模型新机遇 大模型落地的“诸神之战”，已从国内移步国外。中国AI企业正不断打破技术应用的地域边界，更加深度地赋能全球行业，构建 …
42,具身智能、6G入报告！“人工智能+”如何向未来 - 中国政府网,https://www.gov.cn/yaowen/liebiao/202503/content_7011747.htm,2025年3月8日 · 面对新一轮科技革命和产业变革，中国持续推动“人工智能+”行动，打造新质生产力强劲引擎。 报告提出“培育壮大新兴产业、未来产业”“梯度培育创新型企业”。 代表委员说， …
42,每日一词 | “人工智能+”行动 AI Plus initiative - 中国日报网,https://cn.chinadaily.com.cn/a/202503/12/WS67d152f8a310510f19eeb282.html,6 天之前 · 人工智能 是新一轮科技革命和产业变革的重要驱动力量，将对全球经济社会发展和人类文明进步产生深远影响。中国高度重视人工智能发展，积极推动互联网、大数据、人工智能和 …
42,人工智能为发展新质生产力蓄势赋能 - 光明网,https://tech.gmw.cn/2025-03/13/content_37902027.htm,6 天之前 · 人工智能通过促进技术、数据和平台发挥各自优势，推动生产要素优化配置，使彼此间协调更紧密，产生更大价值。同时，人工智能的快速发展和广泛应用，能够推动数实深度融 …
42,+什么？怎么+？一文读懂政府工作报告中“人工智能+”的含义,https://news.qq.com/rain/a/20240311A046LM00,2024年3月11日 · 而“人工智能+”则是一个更加宽泛的概念，它指的是人工智能作为一种基础性、驱动性的技术力量，与制造、医疗、教育、交通、农业等多个领域 ...
42,人工智能+ - 百度百科,https://baike.baidu.com/item/%E4%BA%BA%E5%B7%A5%E6%99%BA%E8%83%BD%2B/65314477,2025年3月5日 · 人工智能+（Artificial Intelligence +，AI+）指将人工智能技术与各行各业深度融合，推动产业转型升级和创新发展的一种理念与实践。 它不仅是将人工智能应用于某一特定领 …
42,AI应用加速落地，“人工智能+”背后的中国科技力量_中央网络 ...,https://www.cac.gov.cn/2025-03/07/c_1743048981069006.htm,2025年3月7日 · 2025年全国两会进行时，“人工智能+”高频登场。如今，“遇事不决，先问AI”已经成为当下许多年轻人的日常操作，无论是生活琐事还是工作难题，AI都能化身全能助手，提供一 …
42,【光明时评】“人工智能+”解锁未来无限可能--理论-中国共产党 ...,http://theory.people.com.cn/n1/2025/0317/c40531-40440112.html,2 天之前 · 光明时评】 今年全国两会期间，人工智能驱动未来发展是备受关注的热点话题。今年《政府工作报告》也明确提出，持续推进“人工智能+”行动，将数字技术与制造优势、市场优势更 …
42,AI观察 | 政府工作报告首提“人工智能+”有何深意？,http://finance.people.com.cn/n1/2024/0309/c1004-40192366.html,2024年3月9日 · 如今，随着大模型等人工智能技术成为引领新一代产业变革的核心力量，政府工作报告中首次提出的“人工智能+”行动，不仅顺应了全球AI发展的潮流，更与中国产业升级的大势 …
43,人工智能（智能科学与技术专业术语）_百度百科,https://baike.baidu.com/item/%E4%BA%BA%E5%B7%A5%E6%99%BA%E8%83%BD/9180,2024年12月20日 · 人工智能是研究使用计算机来模拟人的某些思维过程和智能行为（如学习、推理、思考、规划等）的学科，主要包括计算机实现智能的原理、制造类似于人脑智能的计算机， …
43,两会定调“人工智能+”扩规模，中国企业如何跑出AI落地加速度 ...,https://www.thepaper.cn/newsDetail_forward_30426366,16 小时之前 · 人工智能+ 出海，携手全球开发者共探大模型新机遇 大模型落地的“诸神之战”，已从国内移步国外。中国AI企业正不断打破技术应用的地域边界，更加深度地赋能全球行业，构建 …
43,具身智能、6G入报告！“人工智能+”如何向未来 - 中国政府网,https://www.gov.cn/yaowen/liebiao/202503/content_7011747.htm,2025年3月8日 · 面对新一轮科技革命和产业变革，中国持续推动“人工智能+”行动，打造新质生产力强劲引擎。 报告提出“培育壮大新兴产业、未来产业”“梯度培育创新型企业”。 代表委员说， …
43,每日一词 | “人工智能+”行动 AI Plus initiative - 中国日报网,https://cn.chinadaily.com.cn/a/202503/12/WS67d152f8a310510f19eeb282.html,6 天之前 · 人工智能 是新一轮科技革命和产业变革的重要驱动力量，将对全球经济社会发展和人类文明进步产生深远影响。中国高度重视人工智能发展，积极推动互联网、大数据、人工智能和 …
43,人工智能为发展新质生产力蓄势赋能 - 光明网,https://tech.gmw.cn/2025-03/13/content_37902027.htm,6 天之前 · 人工智能通过促进技术、数据和平台发挥各自优势，推动生产要素优化配置，使彼此间协调更紧密，产生更大价值。同时，人工智能的快速发展和广泛应用，能够推动数实深度融 …
43,+什么？怎么+？一文读懂政府工作报告中“人工智能+”的含义,https://news.qq.com/rain/a/20240311A046LM00,2024年3月11日 · 而“人工智能+”则是一个更加宽泛的概念，它指的是人工智能作为一种基础性、驱动性的技术力量，与制造、医疗、教育、交通、农业等多个领域 ...
43,人工智能+ - 百度百科,https://baike.baidu.com/item/%E4%BA%BA%E5%B7%A5%E6%99%BA%E8%83%BD%2B/65314477,2025年3月5日 · 人工智能+（Artificial Intelligence +，AI+）指将人工智能技术与各行各业深度融合，推动产业转型升级和创新发展的一种理念与实践。 它不仅是将人工智能应用于某一特定领 …
43,AI应用加速落地，“人工智能+”背后的中国科技力量_中央网络 ...,https://www.cac.gov.cn/2025-03/07/c_1743048981069006.htm,2025年3月7日 · 2025年全国两会进行时，“人工智能+”高频登场。如今，“遇事不决，先问AI”已经成为当下许多年轻人的日常操作，无论是生活琐事还是工作难题，AI都能化身全能助手，提供一 …
43,【光明时评】“人工智能+”解锁未来无限可能--理论-中国共产党 ...,http://theory.people.com.cn/n1/2025/0317/c40531-40440112.html,2 天之前 · 光明时评】 今年全国两会期间，人工智能驱动未来发展是备受关注的热点话题。今年《政府工作报告》也明确提出，持续推进“人工智能+”行动，将数字技术与制造优势、市场优势更 …
43,AI观察 | 政府工作报告首提“人工智能+”有何深意？,http://finance.people.com.cn/n1/2024/0309/c1004-40192366.html,2024年3月9日 · 如今，随着大模型等人工智能技术成为引领新一代产业变革的核心力量，政府工作报告中首次提出的“人工智能+”行动，不仅顺应了全球AI发展的潮流，更与中国产业升级的大势 …
44,人工智能（智能科学与技术专业术语）_百度百科,https://baike.baidu.com/item/%E4%BA%BA%E5%B7%A5%E6%99%BA%E8%83%BD/9180,2024年12月20日 · 人工智能是研究使用计算机来模拟人的某些思维过程和智能行为（如学习、推理、思考、规划等）的学科，主要包括计算机实现智能的原理、制造类似于人脑智能的计算机， …
44,两会定调“人工智能+”扩规模，中国企业如何跑出AI落地加速度 ...,https://www.thepaper.cn/newsDetail_forward_30426366,16 小时之前 · 人工智能+ 出海，携手全球开发者共探大模型新机遇 大模型落地的“诸神之战”，已从国内移步国外。中国AI企业正不断打破技术应用的地域边界，更加深度地赋能全球行业，构建 …
44,具身智能、6G入报告！“人工智能+”如何向未来 - 中国政府网,https://www.gov.cn/yaowen/liebiao/202503/content_7011747.htm,2025年3月8日 · 面对新一轮科技革命和产业变革，中国持续推动“人工智能+”行动，打造新质生产力强劲引擎。 报告提出“培育壮大新兴产业、未来产业”“梯度培育创新型企业”。 代表委员说， …
44,每日一词 | “人工智能+”行动 AI Plus initiative - 中国日报网,https://cn.chinadaily.com.cn/a/202503/12/WS67d152f8a310510f19eeb282.html,6 天之前 · 人工智能 是新一轮科技革命和产业变革的重要驱动力量，将对全球经济社会发展和人类文明进步产生深远影响。中国高度重视人工智能发展，积极推动互联网、大数据、人工智能和 …
44,人工智能为发展新质生产力蓄势赋能 - 光明网,https://tech.gmw.cn/2025-03/13/content_37902027.htm,6 天之前 · 人工智能通过促进技术、数据和平台发挥各自优势，推动生产要素优化配置，使彼此间协调更紧密，产生更大价值。同时，人工智能的快速发展和广泛应用，能够推动数实深度融 …
44,+什么？怎么+？一文读懂政府工作报告中“人工智能+”的含义,https://news.qq.com/rain/a/20240311A046LM00,2024年3月11日 · 而“人工智能+”则是一个更加宽泛的概念，它指的是人工智能作为一种基础性、驱动性的技术力量，与制造、医疗、教育、交通、农业等多个领域 ...
44,人工智能+ - 百度百科,https://baike.baidu.com/item/%E4%BA%BA%E5%B7%A5%E6%99%BA%E8%83%BD%2B/65314477,2025年3月5日 · 人工智能+（Artificial Intelligence +，AI+）指将人工智能技术与各行各业深度融合，推动产业转型升级和创新发展的一种理念与实践。 它不仅是将人工智能应用于某一特定领 …
44,AI应用加速落地，“人工智能+”背后的中国科技力量_中央网络 ...,https://www.cac.gov.cn/2025-03/07/c_1743048981069006.htm,2025年3月7日 · 2025年全国两会进行时，“人工智能+”高频登场。如今，“遇事不决，先问AI”已经成为当下许多年轻人的日常操作，无论是生活琐事还是工作难题，AI都能化身全能助手，提供一 …
44,【光明时评】“人工智能+”解锁未来无限可能--理论-中国共产党 ...,http://theory.people.com.cn/n1/2025/0317/c40531-40440112.html,2 天之前 · 光明时评】 今年全国两会期间，人工智能驱动未来发展是备受关注的热点话题。今年《政府工作报告》也明确提出，持续推进“人工智能+”行动，将数字技术与制造优势、市场优势更 …
44,AI观察 | 政府工作报告首提“人工智能+”有何深意？,http://finance.people.com.cn/n1/2024/0309/c1004-40192366.html,2024年3月9日 · 如今，随着大模型等人工智能技术成为引领新一代产业变革的核心力量，政府工作报告中首次提出的“人工智能+”行动，不仅顺应了全球AI发展的潮流，更与中国产业升级的大势 …
45,人工智能（智能科学与技术专业术语）_百度百科,https://baike.baidu.com/item/%E4%BA%BA%E5%B7%A5%E6%99%BA%E8%83%BD/9180,2024年12月20日 · 人工智能是研究使用计算机来模拟人的某些思维过程和智能行为（如学习、推理、思考、规划等）的学科，主要包括计算机实现智能的原理、制造类似于人脑智能的计算机， …
45,两会定调“人工智能+”扩规模，中国企业如何跑出AI落地加速度 ...,https://www.thepaper.cn/newsDetail_forward_30426366,16 小时之前 · 人工智能+ 出海，携手全球开发者共探大模型新机遇 大模型落地的“诸神之战”，已从国内移步国外。中国AI企业正不断打破技术应用的地域边界，更加深度地赋能全球行业，构建 …
45,具身智能、6G入报告！“人工智能+”如何向未来 - 中国政府网,https://www.gov.cn/yaowen/liebiao/202503/content_7011747.htm,2025年3月8日 · 面对新一轮科技革命和产业变革，中国持续推动“人工智能+”行动，打造新质生产力强劲引擎。 报告提出“培育壮大新兴产业、未来产业”“梯度培育创新型企业”。 代表委员说， …
45,每日一词 | “人工智能+”行动 AI Plus initiative - 中国日报网,https://cn.chinadaily.com.cn/a/202503/12/WS67d152f8a310510f19eeb282.html,6 天之前 · 人工智能 是新一轮科技革命和产业变革的重要驱动力量，将对全球经济社会发展和人类文明进步产生深远影响。中国高度重视人工智能发展，积极推动互联网、大数据、人工智能和 …
45,人工智能为发展新质生产力蓄势赋能 - 光明网,https://tech.gmw.cn/2025-03/13/content_37902027.htm,6 天之前 · 人工智能通过促进技术、数据和平台发挥各自优势，推动生产要素优化配置，使彼此间协调更紧密，产生更大价值。同时，人工智能的快速发展和广泛应用，能够推动数实深度融 …
45,+什么？怎么+？一文读懂政府工作报告中“人工智能+”的含义,https://news.qq.com/rain/a/20240311A046LM00,2024年3月11日 · 而“人工智能+”则是一个更加宽泛的概念，它指的是人工智能作为一种基础性、驱动性的技术力量，与制造、医疗、教育、交通、农业等多个领域 ...
45,人工智能+ - 百度百科,https://baike.baidu.com/item/%E4%BA%BA%E5%B7%A5%E6%99%BA%E8%83%BD%2B/65314477,2025年3月5日 · 人工智能+（Artificial Intelligence +，AI+）指将人工智能技术与各行各业深度融合，推动产业转型升级和创新发展的一种理念与实践。 它不仅是将人工智能应用于某一特定领 …
45,AI应用加速落地，“人工智能+”背后的中国科技力量_中央网络 ...,https://www.cac.gov.cn/2025-03/07/c_1743048981069006.htm,2025年3月7日 · 2025年全国两会进行时，“人工智能+”高频登场。如今，“遇事不决，先问AI”已经成为当下许多年轻人的日常操作，无论是生活琐事还是工作难题，AI都能化身全能助手，提供一 …
45,【光明时评】“人工智能+”解锁未来无限可能--理论-中国共产党 ...,http://theory.people.com.cn/n1/2025/0317/c40531-40440112.html,2 天之前 · 光明时评】 今年全国两会期间，人工智能驱动未来发展是备受关注的热点话题。今年《政府工作报告》也明确提出，持续推进“人工智能+”行动，将数字技术与制造优势、市场优势更 …
45,AI观察 | 政府工作报告首提“人工智能+”有何深意？,http://finance.people.com.cn/n1/2024/0309/c1004-40192366.html,2024年3月9日 · 如今，随着大模型等人工智能技术成为引领新一代产业变革的核心力量，政府工作报告中首次提出的“人工智能+”行动，不仅顺应了全球AI发展的潮流，更与中国产业升级的大势 …
48,人工智能（智能科学与技术专业术语）_百度百科,https://baike.baidu.com/item/%E4%BA%BA%E5%B7%A5%E6%99%BA%E8%83%BD/9180,2024年12月20日 · 人工智能是研究使用计算机来模拟人的某些思维过程和智能行为（如学习、推理、思考、规划等）的学科，主要包括计算机实现智能的原理、制造类似于人脑智能的计算机， …
48,两会定调“人工智能+”扩规模，中国企业如何跑出AI落地加速度 ...,https://www.thepaper.cn/newsDetail_forward_30426366,16 小时之前 · 人工智能+ 出海，携手全球开发者共探大模型新机遇 大模型落地的“诸神之战”，已从国内移步国外。中国AI企业正不断打破技术应用的地域边界，更加深度地赋能全球行业，构建 …
48,具身智能、6G入报告！“人工智能+”如何向未来 - 中国政府网,https://www.gov.cn/yaowen/liebiao/202503/content_7011747.htm,2025年3月8日 · 面对新一轮科技革命和产业变革，中国持续推动“人工智能+”行动，打造新质生产力强劲引擎。 报告提出“培育壮大新兴产业、未来产业”“梯度培育创新型企业”。 代表委员说， …
48,每日一词 | “人工智能+”行动 AI Plus initiative - 中国日报网,https://cn.chinadaily.com.cn/a/202503/12/WS67d152f8a310510f19eeb282.html,6 天之前 · 人工智能 是新一轮科技革命和产业变革的重要驱动力量，将对全球经济社会发展和人类文明进步产生深远影响。中国高度重视人工智能发展，积极推动互联网、大数据、人工智能和 …
48,人工智能为发展新质生产力蓄势赋能 - 光明网,https://tech.gmw.cn/2025-03/13/content_37902027.htm,6 天之前 · 人工智能通过促进技术、数据和平台发挥各自优势，推动生产要素优化配置，使彼此间协调更紧密，产生更大价值。同时，人工智能的快速发展和广泛应用，能够推动数实深度融 …
48,+什么？怎么+？一文读懂政府工作报告中“人工智能+”的含义,https://news.qq.com/rain/a/20240311A046LM00,2024年3月11日 · 而“人工智能+”则是一个更加宽泛的概念，它指的是人工智能作为一种基础性、驱动性的技术力量，与制造、医疗、教育、交通、农业等多个领域 ...
48,人工智能+ - 百度百科,https://baike.baidu.com/item/%E4%BA%BA%E5%B7%A5%E6%99%BA%E8%83%BD%2B/65314477,2025年3月5日 · 人工智能+（Artificial Intelligence +，AI+）指将人工智能技术与各行各业深度融合，推动产业转型升级和创新发展的一种理念与实践。 它不仅是将人工智能应用于某一特定领 …
48,AI应用加速落地，“人工智能+”背后的中国科技力量_中央网络 ...,https://www.cac.gov.cn/2025-03/07/c_1743048981069006.htm,2025年3月7日 · 2025年全国两会进行时，“人工智能+”高频登场。如今，“遇事不决，先问AI”已经成为当下许多年轻人的日常操作，无论是生活琐事还是工作难题，AI都能化身全能助手，提供一 …
48,【光明时评】“人工智能+”解锁未来无限可能--理论-中国共产党 ...,http://theory.people.com.cn/n1/2025/0317/c40531-40440112.html,2 天之前 · 光明时评】 今年全国两会期间，人工智能驱动未来发展是备受关注的热点话题。今年《政府工作报告》也明确提出，持续推进“人工智能+”行动，将数字技术与制造优势、市场优势更 …
48,AI观察 | 政府工作报告首提“人工智能+”有何深意？,http://finance.people.com.cn/n1/2024/0309/c1004-40192366.html,2024年3月9日 · 如今，随着大模型等人工智能技术成为引领新一代产业变革的核心力量，政府工作报告中首次提出的“人工智能+”行动，不仅顺应了全球AI发展的潮流，更与中国产业升级的大势 …
47,人工智能（智能科学与技术专业术语）_百度百科,https://baike.baidu.com/item/%E4%BA%BA%E5%B7%A5%E6%99%BA%E8%83%BD/9180,2024年12月20日 · 人工智能是研究使用计算机来模拟人的某些思维过程和智能行为（如学习、推理、思考、规划等）的学科，主要包括计算机实现智能的原理、制造类似于人脑智能的计算机， …
47,两会定调“人工智能+”扩规模，中国企业如何跑出AI落地加速度 ...,https://www.thepaper.cn/newsDetail_forward_30426366,16 小时之前 · 人工智能+ 出海，携手全球开发者共探大模型新机遇 大模型落地的“诸神之战”，已从国内移步国外。中国AI企业正不断打破技术应用的地域边界，更加深度地赋能全球行业，构建 …
47,具身智能、6G入报告！“人工智能+”如何向未来 - 中国政府网,https://www.gov.cn/yaowen/liebiao/202503/content_7011747.htm,2025年3月8日 · 面对新一轮科技革命和产业变革，中国持续推动“人工智能+”行动，打造新质生产力强劲引擎。 报告提出“培育壮大新兴产业、未来产业”“梯度培育创新型企业”。 代表委员说， …
47,每日一词 | “人工智能+”行动 AI Plus initiative - 中国日报网,https://cn.chinadaily.com.cn/a/202503/12/WS67d152f8a310510f19eeb282.html,6 天之前 · 人工智能 是新一轮科技革命和产业变革的重要驱动力量，将对全球经济社会发展和人类文明进步产生深远影响。中国高度重视人工智能发展，积极推动互联网、大数据、人工智能和 …
47,人工智能为发展新质生产力蓄势赋能 - 光明网,https://tech.gmw.cn/2025-03/13/content_37902027.htm,6 天之前 · 人工智能通过促进技术、数据和平台发挥各自优势，推动生产要素优化配置，使彼此间协调更紧密，产生更大价值。同时，人工智能的快速发展和广泛应用，能够推动数实深度融 …
47,+什么？怎么+？一文读懂政府工作报告中“人工智能+”的含义,https://news.qq.com/rain/a/20240311A046LM00,2024年3月11日 · 而“人工智能+”则是一个更加宽泛的概念，它指的是人工智能作为一种基础性、驱动性的技术力量，与制造、医疗、教育、交通、农业等多个领域 ...
47,人工智能+ - 百度百科,https://baike.baidu.com/item/%E4%BA%BA%E5%B7%A5%E6%99%BA%E8%83%BD%2B/65314477,2025年3月5日 · 人工智能+（Artificial Intelligence +，AI+）指将人工智能技术与各行各业深度融合，推动产业转型升级和创新发展的一种理念与实践。 它不仅是将人工智能应用于某一特定领 …
47,AI应用加速落地，“人工智能+”背后的中国科技力量_中央网络 ...,https://www.cac.gov.cn/2025-03/07/c_1743048981069006.htm,2025年3月7日 · 2025年全国两会进行时，“人工智能+”高频登场。如今，“遇事不决，先问AI”已经成为当下许多年轻人的日常操作，无论是生活琐事还是工作难题，AI都能化身全能助手，提供一 …
47,【光明时评】“人工智能+”解锁未来无限可能--理论-中国共产党 ...,http://theory.people.com.cn/n1/2025/0317/c40531-40440112.html,2 天之前 · 光明时评】 今年全国两会期间，人工智能驱动未来发展是备受关注的热点话题。今年《政府工作报告》也明确提出，持续推进“人工智能+”行动，将数字技术与制造优势、市场优势更 …
47,AI观察 | 政府工作报告首提“人工智能+”有何深意？,http://finance.people.com.cn/n1/2024/0309/c1004-40192366.html,2024年3月9日 · 如今，随着大模型等人工智能技术成为引领新一代产业变革的核心力量，政府工作报告中首次提出的“人工智能+”行动，不仅顺应了全球AI发展的潮流，更与中国产业升级的大势 …
49,人工智能（智能科学与技术专业术语）_百度百科,https://baike.baidu.com/item/%E4%BA%BA%E5%B7%A5%E6%99%BA%E8%83%BD/9180,2024年12月20日 · 人工智能是研究使用计算机来模拟人的某些思维过程和智能行为（如学习、推理、思考、规划等）的学科，主要包括计算机实现智能的原理、制造类似于人脑智能的计算机， …
49,两会定调“人工智能+”扩规模，中国企业如何跑出AI落地加速度 ...,https://www.thepaper.cn/newsDetail_forward_30426366,16 小时之前 · 人工智能+ 出海，携手全球开发者共探大模型新机遇 大模型落地的“诸神之战”，已从国内移步国外。中国AI企业正不断打破技术应用的地域边界，更加深度地赋能全球行业，构建 …
49,具身智能、6G入报告！“人工智能+”如何向未来 - 中国政府网,https://www.gov.cn/yaowen/liebiao/202503/content_7011747.htm,2025年3月8日 · 面对新一轮科技革命和产业变革，中国持续推动“人工智能+”行动，打造新质生产力强劲引擎。 报告提出“培育壮大新兴产业、未来产业”“梯度培育创新型企业”。 代表委员说， …
49,每日一词 | “人工智能+”行动 AI Plus initiative - 中国日报网,https://cn.chinadaily.com.cn/a/202503/12/WS67d152f8a310510f19eeb282.html,6 天之前 · 人工智能 是新一轮科技革命和产业变革的重要驱动力量，将对全球经济社会发展和人类文明进步产生深远影响。中国高度重视人工智能发展，积极推动互联网、大数据、人工智能和 …
49,人工智能为发展新质生产力蓄势赋能 - 光明网,https://tech.gmw.cn/2025-03/13/content_37902027.htm,6 天之前 · 人工智能通过促进技术、数据和平台发挥各自优势，推动生产要素优化配置，使彼此间协调更紧密，产生更大价值。同时，人工智能的快速发展和广泛应用，能够推动数实深度融 …
49,+什么？怎么+？一文读懂政府工作报告中“人工智能+”的含义,https://news.qq.com/rain/a/20240311A046LM00,2024年3月11日 · 而“人工智能+”则是一个更加宽泛的概念，它指的是人工智能作为一种基础性、驱动性的技术力量，与制造、医疗、教育、交通、农业等多个领域 ...
49,人工智能+ - 百度百科,https://baike.baidu.com/item/%E4%BA%BA%E5%B7%A5%E6%99%BA%E8%83%BD%2B/65314477,2025年3月5日 · 人工智能+（Artificial Intelligence +，AI+）指将人工智能技术与各行各业深度融合，推动产业转型升级和创新发展的一种理念与实践。 它不仅是将人工智能应用于某一特定领 …
49,AI应用加速落地，“人工智能+”背后的中国科技力量_中央网络 ...,https://www.cac.gov.cn/2025-03/07/c_1743048981069006.htm,2025年3月7日 · 2025年全国两会进行时，“人工智能+”高频登场。如今，“遇事不决，先问AI”已经成为当下许多年轻人的日常操作，无论是生活琐事还是工作难题，AI都能化身全能助手，提供一 …
49,【光明时评】“人工智能+”解锁未来无限可能--理论-中国共产党 ...,http://theory.people.com.cn/n1/2025/0317/c40531-40440112.html,2 天之前 · 光明时评】 今年全国两会期间，人工智能驱动未来发展是备受关注的热点话题。今年《政府工作报告》也明确提出，持续推进“人工智能+”行动，将数字技术与制造优势、市场优势更 …
49,AI观察 | 政府工作报告首提“人工智能+”有何深意？,http://finance.people.com.cn/n1/2024/0309/c1004-40192366.html,2024年3月9日 · 如今，随着大模型等人工智能技术成为引领新一代产业变革的核心力量，政府工作报告中首次提出的“人工智能+”行动，不仅顺应了全球AI发展的潮流，更与中国产业升级的大势 …
50,人工智能（智能科学与技术专业术语）_百度百科,https://baike.baidu.com/item/%E4%BA%BA%E5%B7%A5%E6%99%BA%E8%83%BD/9180,2024年12月20日 · 人工智能是研究使用计算机来模拟人的某些思维过程和智能行为（如学习、推理、思考、规划等）的学科，主要包括计算机实现智能的原理、制造类似于人脑智能的计算机， …
50,两会定调“人工智能+”扩规模，中国企业如何跑出AI落地加速度 ...,https://www.thepaper.cn/newsDetail_forward_30426366,16 小时之前 · 人工智能+ 出海，携手全球开发者共探大模型新机遇 大模型落地的“诸神之战”，已从国内移步国外。中国AI企业正不断打破技术应用的地域边界，更加深度地赋能全球行业，构建 …
50,具身智能、6G入报告！“人工智能+”如何向未来 - 中国政府网,https://www.gov.cn/yaowen/liebiao/202503/content_7011747.htm,2025年3月8日 · 面对新一轮科技革命和产业变革，中国持续推动“人工智能+”行动，打造新质生产力强劲引擎。 报告提出“培育壮大新兴产业、未来产业”“梯度培育创新型企业”。 代表委员说， …
50,每日一词 | “人工智能+”行动 AI Plus initiative - 中国日报网,https://cn.chinadaily.com.cn/a/202503/12/WS67d152f8a310510f19eeb282.html,6 天之前 · 人工智能 是新一轮科技革命和产业变革的重要驱动力量，将对全球经济社会发展和人类文明进步产生深远影响。中国高度重视人工智能发展，积极推动互联网、大数据、人工智能和 …
50,人工智能为发展新质生产力蓄势赋能 - 光明网,https://tech.gmw.cn/2025-03/13/content_37902027.htm,6 天之前 · 人工智能通过促进技术、数据和平台发挥各自优势，推动生产要素优化配置，使彼此间协调更紧密，产生更大价值。同时，人工智能的快速发展和广泛应用，能够推动数实深度融 …
50,+什么？怎么+？一文读懂政府工作报告中“人工智能+”的含义,https://news.qq.com/rain/a/20240311A046LM00,2024年3月11日 · 而“人工智能+”则是一个更加宽泛的概念，它指的是人工智能作为一种基础性、驱动性的技术力量，与制造、医疗、教育、交通、农业等多个领域 ...
50,人工智能+ - 百度百科,https://baike.baidu.com/item/%E4%BA%BA%E5%B7%A5%E6%99%BA%E8%83%BD%2B/65314477,2025年3月5日 · 人工智能+（Artificial Intelligence +，AI+）指将人工智能技术与各行各业深度融合，推动产业转型升级和创新发展的一种理念与实践。 它不仅是将人工智能应用于某一特定领 …
50,AI应用加速落地，“人工智能+”背后的中国科技力量_中央网络 ...,https://www.cac.gov.cn/2025-03/07/c_1743048981069006.htm,2025年3月7日 · 2025年全国两会进行时，“人工智能+”高频登场。如今，“遇事不决，先问AI”已经成为当下许多年轻人的日常操作，无论是生活琐事还是工作难题，AI都能化身全能助手，提供一 …
50,【光明时评】“人工智能+”解锁未来无限可能--理论-中国共产党 ...,http://theory.people.com.cn/n1/2025/0317/c40531-40440112.html,2 天之前 · 光明时评】 今年全国两会期间，人工智能驱动未来发展是备受关注的热点话题。今年《政府工作报告》也明确提出，持续推进“人工智能+”行动，将数字技术与制造优势、市场优势更 …
50,AI观察 | 政府工作报告首提“人工智能+”有何深意？,http://finance.people.com.cn/n1/2024/0309/c1004-40192366.html,2024年3月9日 · 如今，随着大模型等人工智能技术成为引领新一代产业变革的核心力量，政府工作报告中首次提出的“人工智能+”行动，不仅顺应了全球AI发展的潮流，更与中国产业升级的大势 …
46,人工智能（智能科学与技术专业术语）_百度百科,https://baike.baidu.com/item/%E4%BA%BA%E5%B7%A5%E6%99%BA%E8%83%BD/9180,2024年12月20日 · 人工智能是研究使用计算机来模拟人的某些思维过程和智能行为（如学习、推理、思考、规划等）的学科，主要包括计算机实现智能的原理、制造类似于人脑智能的计算机， …
46,两会定调“人工智能+”扩规模，中国企业如何跑出AI落地加速度 ...,https://www.thepaper.cn/newsDetail_forward_30426366,16 小时之前 · 人工智能+ 出海，携手全球开发者共探大模型新机遇 大模型落地的“诸神之战”，已从国内移步国外。中国AI企业正不断打破技术应用的地域边界，更加深度地赋能全球行业，构建 …
46,具身智能、6G入报告！“人工智能+”如何向未来 - 中国政府网,https://www.gov.cn/yaowen/liebiao/202503/content_7011747.htm,2025年3月8日 · 面对新一轮科技革命和产业变革，中国持续推动“人工智能+”行动，打造新质生产力强劲引擎。 报告提出“培育壮大新兴产业、未来产业”“梯度培育创新型企业”。 代表委员说， …
46,每日一词 | “人工智能+”行动 AI Plus initiative - 中国日报网,https://cn.chinadaily.com.cn/a/202503/12/WS67d152f8a310510f19eeb282.html,6 天之前 · 人工智能 是新一轮科技革命和产业变革的重要驱动力量，将对全球经济社会发展和人类文明进步产生深远影响。中国高度重视人工智能发展，积极推动互联网、大数据、人工智能和 …
46,人工智能为发展新质生产力蓄势赋能 - 光明网,https://tech.gmw.cn/2025-03/13/content_37902027.htm,6 天之前 · 人工智能通过促进技术、数据和平台发挥各自优势，推动生产要素优化配置，使彼此间协调更紧密，产生更大价值。同时，人工智能的快速发展和广泛应用，能够推动数实深度融 …
46,+什么？怎么+？一文读懂政府工作报告中“人工智能+”的含义,https://news.qq.com/rain/a/20240311A046LM00,2024年3月11日 · 而“人工智能+”则是一个更加宽泛的概念，它指的是人工智能作为一种基础性、驱动性的技术力量，与制造、医疗、教育、交通、农业等多个领域 ...
46,人工智能+ - 百度百科,https://baike.baidu.com/item/%E4%BA%BA%E5%B7%A5%E6%99%BA%E8%83%BD%2B/65314477,2025年3月5日 · 人工智能+（Artificial Intelligence +，AI+）指将人工智能技术与各行各业深度融合，推动产业转型升级和创新发展的一种理念与实践。 它不仅是将人工智能应用于某一特定领 …
46,AI应用加速落地，“人工智能+”背后的中国科技力量_中央网络 ...,https://www.cac.gov.cn/2025-03/07/c_1743048981069006.htm,2025年3月7日 · 2025年全国两会进行时，“人工智能+”高频登场。如今，“遇事不决，先问AI”已经成为当下许多年轻人的日常操作，无论是生活琐事还是工作难题，AI都能化身全能助手，提供一 …
46,【光明时评】“人工智能+”解锁未来无限可能--理论-中国共产党 ...,http://theory.people.com.cn/n1/2025/0317/c40531-40440112.html,2 天之前 · 光明时评】 今年全国两会期间，人工智能驱动未来发展是备受关注的热点话题。今年《政府工作报告》也明确提出，持续推进“人工智能+”行动，将数字技术与制造优势、市场优势更 …
46,AI观察 | 政府工作报告首提“人工智能+”有何深意？,http://finance.people.com.cn/n1/2024/0309/c1004-40192366.html,2024年3月9日 · 如今，随着大模型等人工智能技术成为引领新一代产业变革的核心力量，政府工作报告中首次提出的“人工智能+”行动，不仅顺应了全球AI发展的潮流，更与中国产业升级的大势 …
